fips,accuracy,macro_f1,mae,n_days
1001,0.0,0.0,2.8077,728
1003,0.1442,0.084,0.8558,728
1005,0.0192,0.0094,2.6731,728
1007,0.0,0.0,3.5673,728
1009,0.0288,0.0112,3.4327,728
1011,0.0,0.0,3.6058,728
1013,0.0,0.0,2.8077,728
1015,0.0,0.0,4.4135,728
1017,0.0,0.0,3.6058,728
1019,0.0288,0.0112,3.4038,728
1021,0.0,0.0,2.7404,728
1023,0.0,0.0,2.75,728
1025,0.0,0.0,2.7885,728
1027,0.0,0.0,4.5673,728
1029,0.0,0.0,4.4519,728
1031,0.0577,0.0273,1.6731,728
1033,0.1058,0.0638,1.625,728
1035,0.0,0.0,2.7115,728
1037,0.0,0.0,3.7885,728
1039,0.0288,0.014,1.7019,728
1041,0.0,0.0,2.5962,728
1043,0.0577,0.0273,2.5385,728
1045,0.0673,0.0315,1.7212,728
1047,0.0,0.0,2.8365,728
1049,0.0,0.0,3.5769,728
1051,0.0,0.0,2.8462,728
1053,0.0096,0.0048,1.7596,728
1055,0.0288,0.0112,3.4038,728
1057,0.0673,0.0315,2.2981,728
1059,0.1058,0.0638,1.6635,728
1061,0.8077,0.2234,0.2885,728
1063,0.0673,0.0315,2.4519,728
1065,0.0288,0.014,2.5865,728
1067,0.0192,0.0094,1.7596,728
1069,0.7885,0.2204,0.375,728
1071,0.0,0.0,2.7019,728
1073,0.0,0.0,4.2885,728
1075,0.0481,0.0229,2.3173,728
1077,0.0288,0.0187,1.7115,728
1079,0.0288,0.014,2.5962,728
1081,0.0,0.0,3.7308,728
1083,0.0962,0.0585,1.6731,728
1085,0.0,0.0,2.8654,728
1087,0.0,0.0,3.6346,728
1089,0.0962,0.0585,1.6635,728
1091,0.0,0.0,3.625,728
1093,0.0481,0.0229,2.4808,728
1095,0.0288,0.014,2.5962,728
1097,0.0,0.0,1.9038,728
1099,0.0,0.0,2.7692,728
1101,0.0,0.0,2.7596,728
1103,0.0288,0.014,2.5769,728
1105,0.0,0.0,2.6827,728
1107,0.0769,0.0357,2.3173,728
1109,0.0192,0.0094,2.6346,728
1111,0.0,0.0,4.625,728
1113,0.0,0.0,3.7115,728
1115,0.0,0.0,4.4327,728
1117,0.0,0.0,3.4904,728
1119,0.0865,0.0531,1.5865,728
1121,0.0,0.0,3.5673,728
1123,0.0,0.0,3.7308,728
1125,0.0288,0.0112,3.3365,728
1127,0.0,0.0,3.3654,728
1129,0.0,0.0,1.8558,728
1131,0.0,0.0,2.7981,728
1133,0.0481,0.0229,2.5385,728
4001,0.0962,0.0351,1.7115,728
4003,0.2308,0.125,1.3654,728
4005,0.4519,0.1556,1.3654,728
4007,0.3269,0.0986,1.6923,728
4009,0.2596,0.1031,1.5769,728
4011,0.2308,0.0938,1.5673,728
4012,0.125,0.0444,1.2404,728
4013,0.3365,0.1007,1.0673,728
4015,0.4519,0.1556,1.3077,728
4017,0.0962,0.0351,1.6442,728
4019,0.4327,0.2013,0.8365,728
4021,0.4712,0.1601,0.8654,728
4023,0.3942,0.1414,1.2019,728
4025,0.4327,0.151,1.2308,728
4027,0.4712,0.1601,0.6442,728
5001,0.1731,0.0984,0.8269,728
5003,0.1154,0.0517,1.6827,728
5005,0.1442,0.063,1.0096,728
5007,0.3269,0.1643,0.6731,728
5009,0.1827,0.0772,0.9327,728
5011,0.0288,0.0112,1.7692,728
5013,0.1346,0.0475,0.9231,728
5015,0.1923,0.1075,0.8077,728
5017,0.0673,0.042,1.7596,728
5019,0.7115,0.1663,0.5192,728
5021,0.7115,0.2772,0.4135,728
5023,0.2212,0.0906,0.8077,728
5025,0.2115,0.0698,0.8269,728
5027,0.2019,0.0672,0.875,728
5029,0.2115,0.0873,0.8173,728
5031,0.8462,0.3056,0.1731,728
5033,0.25,0.1,1.9327,728
5035,0.9423,0.4851,0.0577,728
5037,0.9135,0.3183,0.1058,728
5039,0.7596,0.1727,0.4327,728
5041,0.0481,0.0306,1.8173,728
5043,0.1058,0.0478,1.6923,728
5045,0.1923,0.0806,0.8365,728
5047,0.2308,0.0938,1.9038,728
5049,0.1346,0.0475,1.0385,728
5051,0.6731,0.1609,0.5962,728
5053,0.7596,0.1727,0.4231,728
5055,0.7692,0.2899,0.3269,728
5057,0.6923,0.1636,0.5288,728
5059,0.7115,0.1663,0.5288,728
5061,0.6731,0.1609,0.5865,728
5063,0.1442,0.063,0.8846,728
5065,0.1346,0.0593,1.0096,728
5067,0.1827,0.0772,0.8365,728
5069,0.7788,0.2189,0.3077,728
5071,0.1827,0.0772,1.3654,728
5073,0.6058,0.1886,0.6731,728
5075,0.75,0.2143,0.4231,728
5077,0.1538,0.0889,0.8462,728
5079,0.1923,0.0806,0.8269,728
5081,0.6827,0.1623,0.5481,728
5083,0.1827,0.0772,1.2885,728
5085,0.7404,0.2127,0.3846,728
5087,0.3269,0.1643,1.2115,728
5089,0.1538,0.0667,1.0,728
5091,0.6154,0.1905,0.6346,728
5093,0.9327,0.4826,0.0673,728
5095,0.8173,0.2998,0.2115,728
5097,0.6827,0.1623,0.6058,728
5099,0.7019,0.165,0.5288,728
5101,0.3173,0.1204,1.2308,728
5103,0.2308,0.075,0.8365,728
5105,0.25,0.1,0.8077,728
5107,0.1731,0.1475,0.8269,728
5109,0.6731,0.1609,0.5962,728
5111,0.9135,0.3183,0.1058,728
5113,0.2308,0.0938,0.8269,728
5115,0.1923,0.0806,1.3654,728
5117,0.7404,0.2127,0.3558,728
5119,0.6923,0.1636,0.4712,728
5121,0.1923,0.0806,0.9038,728
5123,0.8462,0.3056,0.1731,728
5125,0.625,0.1538,0.5769,728
5127,0.2212,0.0906,1.2885,728
5129,0.125,0.0556,0.9808,728
5131,0.2308,0.0938,1.9615,728
5133,0.6731,0.1609,0.5673,728
5135,0.125,0.0556,0.9808,728
5137,0.125,0.0556,1.0,728
5139,0.2596,0.0824,0.7981,728
5141,0.1635,0.0702,0.8654,728
5143,0.3077,0.1569,1.1538,728
5145,0.7212,0.2095,0.3654,728
5147,0.7596,0.2158,0.2885,728
5149,0.1923,0.0806,0.8558,728
6001,0.0385,0.0247,1.6635,728
6003,0.0096,0.0063,1.8654,728
6005,0.0096,0.0063,1.8942,728
6007,0.2596,0.1374,0.7404,728
6009,0.0096,0.0048,2.8558,728
6011,0.3077,0.1569,0.6923,728
6013,0.0385,0.0247,1.6635,728
6015,0.7404,0.2836,0.4519,728
6017,0.0962,0.0877,0.9038,728
6019,0.0096,0.0038,3.3269,728
6021,0.3173,0.1606,0.6827,728
6023,0.7404,0.2836,0.3365,728
6025,0.4135,0.1463,0.6154,728
6027,0.0096,0.0048,2.4712,728
6029,0.0096,0.0038,3.2885,728
6031,0.0288,0.0112,2.75,728
6033,0.2692,0.1414,0.7308,728
6035,0.1346,0.1186,0.8654,728
6037,0.0288,0.014,2.3654,728
6039,0.0096,0.0038,3.6827,728
6041,0.7404,0.2836,0.2885,728
6043,0.0096,0.0038,3.7019,728
6045,0.7404,0.2836,0.3173,728
6047,0.0096,0.0038,3.375,728
6049,0.7692,0.4348,0.2308,728
6051,0.0096,0.0048,2.8269,728
6053,0.0096,0.0038,3.5096,728
6055,0.7308,0.2815,0.2981,728
6057,0.1154,0.069,0.8846,728
6059,0.0288,0.014,2.0769,728
6061,0.1154,0.069,0.8846,728
6063,0.0769,0.0476,0.9231,728
6065,0.2885,0.1119,1.0865,728
6067,0.0288,0.0187,1.8365,728
6069,0.0096,0.0038,3.4519,728
6071,0.4712,0.2135,0.9327,728
6073,0.3462,0.1714,1.1154,728
6075,0.7404,0.2836,0.2885,728
6077,0.0096,0.0048,2.7596,728
6079,0.0096,0.0048,2.4423,728
6081,0.7115,0.2772,0.3173,728
6083,0.0096,0.0038,3.2212,728
6085,0.0673,0.042,1.6154,728
6087,0.7115,0.2772,0.3462,728
6089,0.7404,0.4254,0.2596,728
6091,0.1154,0.069,0.8846,728
6093,0.7404,0.2836,0.4231,728
6095,0.0385,0.0247,1.6635,728
6097,0.7404,0.2836,0.2885,728
6099,0.0096,0.0048,2.7596,728
6101,0.0673,0.042,1.7981,728
6103,0.7404,0.2836,0.2885,728
6105,0.7404,0.2836,0.3365,728
6107,0.0192,0.0075,3.375,728
6109,0.0096,0.0048,2.7981,728
6111,0.0096,0.0048,2.8173,728
6113,0.0385,0.0247,1.6442,728
6115,0.2981,0.1531,0.7019,728
8001,0.4712,0.2135,0.5288,728
8003,0.4712,0.1281,1.8365,728
8005,0.2212,0.1207,1.2404,728
8007,0.4519,0.1038,2.0192,728
8009,0.1635,0.0562,1.1346,728
8011,0.2692,0.0848,1.0673,728
8013,0.0385,0.0247,1.6442,728
8014,0.1346,0.0593,1.2885,728
8015,0.5,0.1667,1.1346,728
8017,0.3365,0.1679,1.1731,728
8019,0.2596,0.1374,0.7404,728
8021,0.4712,0.1281,1.8462,728
8023,0.4712,0.1281,1.875,728
8025,0.3173,0.0964,1.0577,728
8027,0.0962,0.0351,1.5192,728
8029,0.3077,0.0784,1.9423,728
8031,0.2019,0.112,1.2115,728
8033,0.3942,0.0943,2.3846,728
8035,0.1827,0.103,1.0962,728
8037,0.125,0.0556,1.0673,728
8039,0.4519,0.2075,0.8558,728
8041,0.4231,0.1982,0.8942,728
8043,0.2308,0.0938,0.8269,728
8045,0.4038,0.1151,1.4327,728
8047,0.0096,0.0063,1.4904,728
8049,0.0769,0.0357,1.0385,728
8051,0.4712,0.1281,1.4519,728
8053,0.4519,0.1245,1.7115,728
8055,0.1538,0.0533,1.4904,728
8057,0.1346,0.0791,0.8654,728
8059,0.1731,0.0984,1.1731,728
8061,0.3173,0.1204,1.0,728
8063,0.1538,0.0889,1.5096,728
8065,0.2596,0.1031,0.9327,728
8067,0.4135,0.0975,2.2981,728
8069,0.0481,0.0306,1.7596,728
8071,0.2019,0.0672,1.2308,728
8073,0.4712,0.2135,0.8462,728
8075,0.2404,0.1938,0.7596,728
8077,0.3077,0.0941,1.8269,728
8079,0.4712,0.1281,1.6827,728
8081,0.4327,0.151,1.0192,728
8083,0.4135,0.0975,2.375,728
8085,0.3173,0.0964,2.0288,728
8087,0.3269,0.2464,0.6731,728
8089,0.3462,0.0857,1.0865,728
8091,0.3942,0.0943,2.1442,728
8093,0.4423,0.2044,0.5577,728
8095,0.2212,0.1207,0.7788,728
8097,0.4519,0.1245,1.3942,728
8099,0.2212,0.0724,1.0,728
8101,0.2019,0.0672,1.2019,728
8103,0.3942,0.1131,1.2212,728
8105,0.4712,0.1281,1.8462,728
8107,0.25,0.1,0.9135,728
8109,0.4712,0.1281,1.625,728
8111,0.3942,0.0943,2.1538,728
8113,0.3942,0.0943,2.1058,728
8115,0.1154,0.069,1.5962,728
8117,0.1538,0.0667,1.0385,728
8119,0.4038,0.1918,0.9423,728
8121,0.2885,0.1493,0.7115,728
8123,0.2308,0.1875,0.7692,728
8125,0.1442,0.084,0.8558,728
9001,0.0865,0.0398,2.6154,728
9003,0.1058,0.0478,2.5385,728
9005,0.1058,0.0478,2.5673,728
9007,0.0096,0.0048,2.625,728
9009,0.1058,0.0478,2.5288,728
9011,0.1058,0.0638,1.6923,728
9013,0.0481,0.0229,2.5865,728
9015,0.125,0.0741,1.6827,728
10001,0.9038,0.3165,0.1154,728
10003,0.0962,0.0585,0.9038,728
10005,0.9327,0.3217,0.0865,728
11001,0.2596,0.1031,1.25,728
12001,0.0865,0.0531,0.9135,728
12003,0.0962,0.0585,0.9038,728
12005,0.0192,0.0094,1.0192,728
12007,0.1058,0.0638,0.8942,728
12009,0.3077,0.1176,0.7212,728
12011,0.7692,0.2899,0.3173,728
12013,0.0673,0.0315,1.7308,728
12015,0.1346,0.0593,0.9423,728
12017,0.1635,0.0937,0.8365,728
12019,0.0673,0.042,0.9327,728
12021,0.1635,0.0937,0.8365,728
12023,0.0769,0.0476,0.9231,728
12027,0.125,0.0556,0.9615,728
12029,0.125,0.0741,0.875,728
12031,0.1346,0.0791,0.8654,728
12033,0.0865,0.0398,0.9327,728
12035,0.1827,0.103,0.8173,728
12037,0.1058,0.0478,1.5962,728
12039,0.1923,0.0806,0.8365,728
12041,0.0962,0.0585,0.9038,728
12043,0.1827,0.0772,0.9135,728
12045,0.0865,0.0398,1.6154,728
12047,0.2308,0.125,0.7692,728
12049,0.0865,0.0398,1.0,728
12051,0.1827,0.103,0.8173,728
12053,0.1442,0.063,0.875,728
12055,0.1827,0.0618,0.9519,728
12057,0.125,0.0556,0.9615,728
12059,0.8462,0.2292,0.2692,728
12061,0.2308,0.0938,0.8462,728
12063,0.8173,0.2249,0.3173,728
12065,0.1635,0.0937,0.8365,728
12067,0.1154,0.069,0.8846,728
12069,0.1635,0.0937,0.8365,728
12071,0.1346,0.0593,0.9423,728
12073,0.1731,0.0738,0.8558,728
12075,0.1731,0.0984,0.8269,728
12077,0.0673,0.0315,1.7115,728
12079,0.2115,0.1164,0.7885,728
12081,0.1346,0.0593,0.9519,728
12083,0.1635,0.0937,0.8365,728
12085,0.2308,0.125,0.7692,728
12086,0.8173,0.2998,0.25,728
12087,0.8269,0.4526,0.1731,728
12089,0.1442,0.063,0.875,728
12091,0.8846,0.2347,0.1923,728
12093,0.1635,0.0702,0.9135,728
12095,0.2404,0.0969,0.7981,728
12097,0.25,0.1,0.8365,728
12099,0.2692,0.1414,0.7308,728
12101,0.125,0.0556,0.9231,728
12103,0.125,0.0556,0.9231,728
12105,0.125,0.0556,0.9615,728
12107,0.1538,0.0889,0.8462,728
12109,0.1538,0.0889,0.8462,728
12111,0.1827,0.103,0.8173,728
12113,0.8558,0.2306,0.2212,728
12115,0.125,0.0556,0.9519,728
12117,0.2308,0.125,0.7692,728
12119,0.1635,0.0937,0.8365,728
12121,0.0962,0.0585,0.9038,728
12123,0.1827,0.1545,0.8173,728
12125,0.0865,0.0531,0.9135,728
12127,0.1635,0.0937,0.8365,728
12129,0.125,0.0556,0.9038,728
12131,0.8846,0.2347,0.2019,728
12133,0.8846,0.2347,0.25,728
13001,0.25,0.1333,0.75,728
13003,0.2692,0.1061,1.3269,728
13005,0.2019,0.112,0.7981,728
13007,0.1154,0.0517,0.9231,728
13009,0.0,0.0,3.4038,728
13011,0.0,0.0,4.4327,728
13013,0.0288,0.0112,3.4135,728
13015,0.0,0.0,4.4135,728
13017,0.0385,0.0247,1.625,728
13019,0.2019,0.084,1.3942,728
13021,0.0,0.0,3.5096,728
13023,0.0,0.0,3.5096,728
13025,0.625,0.1923,0.6442,728
13027,0.2212,0.0906,1.3654,728
13029,0.6154,0.1905,0.5673,728
13031,0.625,0.2564,0.4423,728
13033,0.0288,0.0187,1.6154,728
13035,0.0,0.0,4.6346,728
13037,0.125,0.0556,0.9135,728
13039,0.7596,0.2158,0.4038,728
13043,0.6731,0.2682,0.3942,728
13045,0.0,0.0,3.5865,728
13047,0.0481,0.0183,3.3846,728
13049,0.1346,0.0593,0.8942,728
13051,0.5865,0.1848,0.5865,728
13053,0.0,0.0,3.5481,728
13055,0.0288,0.0112,3.4519,728
13057,0.0288,0.0112,3.3846,728
13059,0.0,0.0,3.6154,728
13061,0.0481,0.0229,1.7115,728
13063,0.0,0.0,2.7404,728
13065,0.125,0.0556,1.4808,728
13067,0.0,0.0,3.5192,728
13069,0.2404,0.1292,0.7596,728
13071,0.125,0.0556,1.4615,728
13073,0.0,0.0,2.5385,728
13075,0.2115,0.0873,1.375,728
13077,0.0,0.0,2.7788,728
13079,0.0,0.0,3.5096,728
13081,0.1058,0.0638,1.5577,728
13083,0.0,0.0,3.5096,728
13085,0.0,0.0,4.2788,728
13087,0.0865,0.0398,0.9423,728
13089,0.0,0.0,2.6442,728
13091,0.0,0.0,2.6346,728
13093,0.0,0.0,2.5192,728
13095,0.2308,0.0938,0.7981,728
13097,0.0,0.0,3.5385,728
13099,0.7692,0.2174,0.4135,728
13101,0.1346,0.0593,1.5096,728
13103,0.5865,0.1848,0.5673,728
13105,0.0,0.0,3.5769,728
13107,0.0577,0.0364,1.5673,728
13109,0.6346,0.2588,0.4712,728
13111,0.0673,0.0252,3.3462,728
13113,0.0,0.0,2.7596,728
13115,0.0,0.0,4.4423,728
13117,0.0288,0.0112,3.3654,728
13119,0.0288,0.014,3.4519,728
13121,0.0,0.0,2.6058,728
13123,0.1154,0.0414,3.2885,728
13125,0.0,0.0,3.4904,728
13127,0.6635,0.1994,0.4712,728
13129,0.0,0.0,4.3942,728
13131,0.0962,0.0439,1.5769,728
13133,0.0,0.0,4.6538,728
13135,0.0,0.0,3.5769,728
13137,0.0288,0.0112,3.3077,728
13139,0.0288,0.0112,3.3846,728
13141,0.0,0.0,3.5096,728
13143,0.0,0.0,4.3558,728
13145,0.0,0.0,4.625,728
13147,0.0288,0.0112,3.4038,728
13149,0.0,0.0,3.7212,728
13151,0.0,0.0,3.7404,728
13153,0.0,0.0,3.5096,728
13155,0.125,0.0741,1.4904,728
13157,0.0288,0.0112,3.4808,728
13159,0.0,0.0,4.5962,728
13161,0.3173,0.1606,0.6827,728
13163,0.0,0.0,2.5096,728
13165,0.3365,0.1679,0.6635,728
13167,0.0,0.0,2.4519,728
13169,0.0,0.0,4.5192,728
13171,0.0,0.0,4.5096,728
13173,0.0865,0.0398,2.1923,728
13175,0.0,0.0,2.5096,728
13177,0.0865,0.0398,1.5288,728
13179,0.625,0.1923,0.5288,728
13181,0.0,0.0,2.5865,728
13183,0.6442,0.1959,0.5673,728
13185,0.2019,0.084,1.3942,728
13187,0.0288,0.0112,3.2019,728
13189,0.0,0.0,2.5577,728
13191,0.6731,0.2011,0.5,728
13193,0.0,0.0,3.4904,728
13195,0.0,0.0,4.5192,728
13197,0.0,0.0,3.5,728
13199,0.0,0.0,3.6442,728
13201,0.75,0.2143,0.4904,728
13205,0.1538,0.0667,0.9135,728
13207,0.0,0.0,4.5769,728
13209,0.3462,0.2571,0.6538,728
13211,0.0,0.0,4.6154,728
13213,0.0673,0.0252,3.4038,728
13215,0.0,0.0,3.5962,728
13217,0.0,0.0,3.6154,728
13219,0.0,0.0,3.6154,728
13221,0.0,0.0,4.5769,728
13223,0.0288,0.0112,3.3654,728
13225,0.0,0.0,3.4808,728
13227,0.0,0.0,4.3462,728
13229,0.0962,0.0439,0.9808,728
13231,0.0,0.0,4.5673,728
13233,0.0,0.0,4.3558,728
13235,0.0,0.0,2.5385,728
13237,0.0,0.0,4.4904,728
13239,0.0385,0.0185,2.6731,728
13241,0.0385,0.0148,3.4327,728
13243,0.0385,0.0185,1.6923,728
13245,0.0385,0.0247,1.6154,728
13247,0.0,0.0,2.6538,728
13249,0.0,0.0,3.4327,728
13251,0.3365,0.1679,0.6635,728
13253,0.7692,0.2174,0.4327,728
13255,0.0,0.0,3.7212,728
13257,0.0865,0.0319,3.3269,728
13259,0.0288,0.014,2.6154,728
13261,0.0288,0.014,2.4519,728
13263,0.0,0.0,4.5,728
13265,0.0,0.0,4.5673,728
13267,0.6923,0.2727,0.3846,728
13269,0.0,0.0,3.5481,728
13271,0.3173,0.1606,0.6827,728
13273,0.0769,0.0357,1.5673,728
13275,0.2692,0.1061,0.7885,728
13277,0.125,0.0556,1.4712,728
13279,0.2885,0.1493,0.7115,728
13281,0.0673,0.0252,3.3462,728
13283,0.0673,0.042,1.5673,728
13285,0.0,0.0,3.6635,728
13287,0.125,0.0741,1.5288,728
13289,0.0,0.0,3.4904,728
13291,0.0673,0.0252,3.3077,728
13293,0.0,0.0,4.5385,728
13295,0.0288,0.0112,3.4327,728
13297,0.0,0.0,3.6154,728
13299,0.2212,0.0906,0.8077,728
13301,0.0,0.0,3.625,728
13303,0.0,0.0,3.5,728
13305,0.625,0.1923,0.6442,728
13307,0.0288,0.014,2.5096,728
13309,0.2885,0.2239,0.7115,728
13311,0.0288,0.0112,3.2212,728
13313,0.0577,0.0218,3.3942,728
13315,0.0192,0.0126,1.6538,728
13317,0.0,0.0,3.5962,728
13319,0.0,0.0,3.4808,728
13321,0.1346,0.0593,1.4904,728
16001,0.7019,0.275,0.4038,728
16003,0.5962,0.3735,0.4038,728
16005,0.7596,0.4317,0.2404,728
16007,0.5096,0.3376,0.4904,728
16009,0.6731,0.2682,0.3558,728
16011,0.8942,0.4721,0.1058,728
16013,0.8846,0.4694,0.1154,728
16015,0.7404,0.4254,0.2596,728
16017,0.5962,0.249,0.625,728
16019,0.8654,0.4639,0.1346,728
16021,0.5962,0.249,0.6346,728
16023,0.8942,0.4721,0.1058,728
16025,0.8077,0.4468,0.1923,728
16027,0.4231,0.1982,0.7692,728
16029,0.8365,0.4555,0.1635,728
16031,0.5385,0.2333,0.5192,728
16033,0.9615,0.4902,0.0385,728
16035,0.8077,0.2979,0.2404,728
16037,0.8558,0.4611,0.1442,728
16039,0.7885,0.4409,0.2115,728
16041,0.5096,0.2251,0.6442,728
16043,0.9712,0.4927,0.0288,728
16045,0.6731,0.2682,0.4327,728
16047,0.6154,0.381,0.3846,728
16049,0.8269,0.4526,0.1731,728
16051,0.8942,0.4721,0.1058,728
16053,0.7019,0.4124,0.2981,728
16055,0.6538,0.2636,0.3846,728
16057,0.7596,0.2878,0.2692,728
16059,0.8942,0.4721,0.1058,728
16061,0.7981,0.2959,0.2212,728
16063,0.7212,0.419,0.2788,728
16065,0.8558,0.4611,0.1442,728
16067,0.7212,0.419,0.2788,728
16069,0.7981,0.2959,0.2212,728
16071,0.5096,0.2251,0.7019,728
16073,0.5385,0.2333,0.6058,728
16075,0.6346,0.2588,0.5577,728
16077,0.6346,0.3882,0.3654,728
16079,0.7596,0.2878,0.2981,728
16081,0.8558,0.4611,0.1442,728
16083,0.6442,0.2612,0.4038,728
16085,0.7115,0.4157,0.2885,728
16087,0.6731,0.2682,0.5192,728
17001,0.6731,0.2682,0.3654,728
17003,0.8077,0.4468,0.1923,728
17005,0.7885,0.2939,0.3077,728
17007,0.9519,0.4877,0.0481,728
17009,0.375,0.1818,0.625,728
17011,0.9231,0.48,0.0769,728
17013,0.2404,0.1292,0.7596,728
17015,0.8942,0.4721,0.1058,728
17017,0.4423,0.3067,0.5577,728
17019,0.9231,0.48,0.0769,728
17021,0.8173,0.2998,0.1923,728
17023,0.8846,0.4694,0.1154,728
17025,0.7692,0.2899,0.2404,728
17027,0.7115,0.2772,0.2981,728
17029,0.9519,0.4877,0.0481,728
17031,0.9423,0.4851,0.0577,728
17033,0.9231,0.48,0.0769,728
17035,0.8558,0.4611,0.1442,728
17037,0.9519,0.4877,0.0481,728
17039,0.7981,0.4439,0.2019,728
17041,0.9135,0.4774,0.0865,728
17043,0.9423,0.4851,0.0577,728
17045,0.9135,0.4774,0.0865,728
17047,0.7885,0.4409,0.2115,728
17049,0.7788,0.4378,0.2212,728
17051,0.8173,0.2998,0.1923,728
17053,1.0,1.0,0.0,728
17055,0.7596,0.4317,0.2404,728
17057,0.8846,0.4694,0.1154,728
17059,0.8942,0.4721,0.1058,728
17061,0.3077,0.1569,0.6923,728
17063,0.9038,0.4747,0.0962,728
17065,0.7981,0.4439,0.2019,728
17067,0.7308,0.2815,0.2981,728
17069,0.9038,0.4747,0.0962,728
17071,0.7115,0.2772,0.3269,728
17073,0.9327,0.4826,0.0673,728
17075,1.0,1.0,0.0,728
17077,0.7692,0.2899,0.2788,728
17079,0.8462,0.4583,0.1538,728
17081,0.7885,0.4409,0.2115,728
17083,0.6346,0.1941,0.5288,728
17085,0.9231,0.48,0.0769,728
17087,0.8558,0.4611,0.1442,728
17089,0.9423,0.4851,0.0577,728
17091,0.8942,0.4721,0.1058,728
17093,0.9038,0.4747,0.0962,728
17095,0.9231,0.48,0.0769,728
17097,0.9519,0.4877,0.0481,728
17099,0.9231,0.48,0.0769,728
17101,0.7885,0.4409,0.2115,728
17103,0.9423,0.4851,0.0577,728
17105,0.9904,0.4976,0.0096,728
17107,0.3365,0.2518,0.6635,728
17109,0.7596,0.4317,0.2404,728
17111,0.9519,0.4877,0.0481,728
17113,0.9904,0.4976,0.0096,728
17115,0.8558,0.4611,0.1442,728
17117,0.8077,0.2979,0.2885,728
17119,0.8077,0.2979,0.2885,728
17121,0.7788,0.2919,0.2308,728
17123,0.9519,0.4877,0.0481,728
17125,0.8365,0.4555,0.1635,728
17127,0.8654,0.4639,0.1346,728
17129,0.3654,0.2676,0.6346,728
17131,0.2404,0.1292,0.7596,728
17133,0.625,0.2564,0.5865,728
17135,0.8269,0.3018,0.1827,728
17137,0.2885,0.1493,0.7115,728
17139,0.9423,0.4851,0.0577,728
17141,0.9615,0.4902,0.0385,728
17143,0.8846,0.4694,0.1154,728
17145,0.2596,0.1374,0.7404,728
17147,0.9038,0.4747,0.0962,728
17149,0.3365,0.1679,0.6635,728
17151,0.8846,0.4694,0.1154,728
17153,0.8269,0.4526,0.1731,728
17155,0.9135,0.4774,0.0865,728
17157,0.6346,0.2588,0.4327,728
17159,0.7788,0.4378,0.2212,728
17161,0.8077,0.4468,0.1923,728
17163,0.625,0.2564,0.3942,728
17165,0.8365,0.4555,0.1635,728
17167,0.3269,0.1643,0.6731,728
17169,0.8269,0.4526,0.1731,728
17171,0.3654,0.1784,0.6346,728
17173,0.9231,0.48,0.0769,728
17175,0.9327,0.4826,0.0673,728
17177,0.9327,0.4826,0.0673,728
17179,0.875,0.4667,0.125,728
17181,0.7981,0.4439,0.2019,728
17183,0.9519,0.4877,0.0481,728
17185,0.8365,0.4555,0.1635,728
17187,0.7308,0.2815,0.2885,728
17189,0.75,0.4286,0.25,728
17191,0.7981,0.4439,0.2019,728
17193,0.9135,0.4774,0.0865,728
17195,0.9423,0.4851,0.0577,728
17197,0.9135,0.4774,0.0865,728
17199,0.8269,0.4526,0.1731,728
17201,0.9712,0.4927,0.0288,728
17203,0.9231,0.48,0.0769,728
18001,1.0,1.0,0.0,728
18003,1.0,1.0,0.0,728
18005,0.9904,0.4976,0.0096,728
18007,0.0192,0.0189,0.9808,728
18009,1.0,1.0,0.0,728
18011,0.9327,0.4826,0.0673,728
18013,0.9808,0.4951,0.0192,728
18015,1.0,1.0,0.0,728
18017,1.0,1.0,0.0,728
18019,1.0,1.0,0.0,728
18021,0.875,0.4667,0.125,728
18023,1.0,1.0,0.0,728
18025,0.9615,0.4902,0.0385,728
18027,0.9712,0.4927,0.0288,728
18029,0.9904,0.4976,0.0096,728
18031,0.9904,0.4976,0.0096,728
18033,1.0,1.0,0.0,728
18035,1.0,1.0,0.0,728
18037,0.9615,0.4902,0.0385,728
18039,0.9808,0.4951,0.0192,728
18041,0.0192,0.0189,0.9808,728
18043,1.0,1.0,0.0,728
18045,0.9423,0.4851,0.0577,728
18047,1.0,1.0,0.0,728
18049,1.0,1.0,0.0,728
18051,0.9423,0.4851,0.0577,728
18053,1.0,1.0,0.0,728
18055,0.9231,0.48,0.0769,728
18057,0.9615,0.4902,0.0385,728
18059,1.0,1.0,0.0,728
18061,1.0,1.0,0.0,728
18063,0.9231,0.48,0.0769,728
18065,1.0,1.0,0.0,728
18067,1.0,1.0,0.0,728
18069,1.0,1.0,0.0,728
18071,0.9904,0.4976,0.0096,728
18073,1.0,1.0,0.0,728
18075,1.0,1.0,0.0,728
18077,1.0,1.0,0.0,728
18079,0.9904,0.4976,0.0096,728
18081,0.9808,0.4951,0.0192,728
18083,0.9135,0.4774,0.0865,728
18085,1.0,1.0,0.0,728
18087,0.9808,0.4951,0.0192,728
18089,0.9231,0.48,0.0769,728
18091,0.9423,0.4851,0.0577,728
18093,0.9904,0.4976,0.0096,728
18095,1.0,1.0,0.0,728
18097,0.9904,0.4976,0.0096,728
18099,0.9519,0.4877,0.0481,728
18101,0.9808,0.4951,0.0192,728
18103,1.0,1.0,0.0,728
18105,0.9231,0.48,0.0769,728
18107,0.9327,0.4826,0.0673,728
18109,0.875,0.4667,0.125,728
18111,1.0,1.0,0.0,728
18113,1.0,1.0,0.0,728
18115,0.9904,0.4976,0.0096,728
18117,0.9904,0.4976,0.0096,728
18119,0.875,0.4667,0.125,728
18121,0.8846,0.3129,0.1635,728
18123,1.0,1.0,0.0,728
18125,0.9519,0.4877,0.0481,728
18127,0.9327,0.4826,0.0673,728
18129,0.875,0.4667,0.125,728
18131,1.0,1.0,0.0,728
18133,0.9038,0.3165,0.1442,728
18135,0.0,0.0,1.0,728
18137,0.9904,0.4976,0.0096,728
18139,0.0192,0.0189,0.9808,728
18141,0.9615,0.4902,0.0385,728
18143,1.0,1.0,0.0,728
18145,0.9904,0.4976,0.0096,728
18147,0.9904,0.4976,0.0096,728
18149,0.9904,0.4976,0.0096,728
18151,0.9808,0.4951,0.0192,728
18153,0.9038,0.4747,0.0962,728
18155,1.0,1.0,0.0,728
18157,1.0,1.0,0.0,728
18159,0.9712,0.4927,0.0288,728
18161,0.0192,0.0189,0.9808,728
18163,0.875,0.4667,0.125,728
18165,0.8558,0.4611,0.1442,728
18167,0.9135,0.4774,0.0865,728
18169,1.0,1.0,0.0,728
18171,1.0,1.0,0.0,728
18173,0.9615,0.4902,0.0385,728
18175,0.9904,0.4976,0.0096,728
18177,0.0192,0.0189,0.9808,728
18179,1.0,1.0,0.0,728
18181,1.0,1.0,0.0,728
18183,1.0,1.0,0.0,728
19001,0.7596,0.4317,0.2404,728
19003,0.75,0.4286,0.25,728
19005,0.9615,0.3268,0.0673,728
19007,0.4423,0.1533,0.625,728
19009,0.9615,0.4902,0.0385,728
19011,0.9423,0.4851,0.0577,728
19013,0.9712,0.4927,0.0288,728
19015,0.7981,0.4439,0.2019,728
19017,0.9808,0.4951,0.0192,728
19019,0.9519,0.4877,0.0481,728
19021,0.8846,0.3129,0.1635,728
19023,1.0,1.0,0.0,728
19025,0.8846,0.3129,0.1538,728
19027,0.9327,0.4826,0.0673,728
19029,0.9519,0.4877,0.0481,728
19031,0.7788,0.4378,0.2212,728
19033,0.9519,0.4877,0.0481,728
19035,0.8077,0.2979,0.2404,728
19037,0.9615,0.4902,0.0385,728
19039,0.4038,0.1438,0.8462,728
19041,0.9519,0.4877,0.0481,728
19043,0.9615,0.4902,0.0385,728
19045,0.8462,0.4583,0.1538,728
19047,0.9327,0.4826,0.0673,728
19049,0.8077,0.4468,0.1923,728
19051,0.3173,0.0964,0.7788,728
19053,0.3365,0.1679,0.8269,728
19055,0.9519,0.4877,0.0481,728
19057,0.4904,0.1645,0.5865,728
19059,0.9135,0.4774,0.0865,728
19061,0.9135,0.4774,0.0865,728
19063,0.9808,0.4951,0.0192,728
19065,0.9615,0.4902,0.0385,728
19067,0.9519,0.4877,0.0481,728
19069,0.9231,0.48,0.0769,728
19071,0.9231,0.48,0.0769,728
19073,0.9135,0.4774,0.0865,728
19075,0.9904,0.4976,0.0096,728
19077,0.9519,0.4877,0.0481,728
19079,0.8846,0.4694,0.1154,728
19081,0.9808,0.4951,0.0192,728
19083,0.9904,0.4976,0.0096,728
19085,0.9519,0.4877,0.0481,728
19087,0.3365,0.1679,0.7596,728
19089,0.9615,0.4902,0.0385,728
19091,0.9519,0.3251,0.0673,728
19093,0.9135,0.4774,0.0865,728
19095,0.6923,0.2727,0.3462,728
19097,0.875,0.4667,0.125,728
19099,0.6827,0.2705,0.4231,728
19101,0.5673,0.181,0.4423,728
19103,0.7212,0.419,0.2788,728
19105,0.8462,0.4583,0.1538,728
19107,0.5192,0.2278,0.5,728
19109,0.9615,0.4902,0.0385,728
19111,0.4327,0.151,0.7212,728
19113,0.8173,0.2998,0.2019,728
19115,0.375,0.1818,0.625,728
19117,0.3365,0.1259,0.9038,728
19119,0.875,0.3111,0.1442,728
19121,0.7212,0.2793,0.3654,728
19123,0.4712,0.1601,0.6442,728
19125,0.4904,0.1645,0.6923,728
19127,0.8654,0.3093,0.1442,728
19129,0.9712,0.4927,0.0288,728
19131,0.9519,0.4877,0.0481,728
19133,0.9615,0.4902,0.0385,728
19135,0.5096,0.1688,0.5865,728
19137,0.9904,0.4976,0.0096,728
19139,0.2404,0.1292,0.7596,728
19141,0.8365,0.3037,0.1827,728
19143,0.8462,0.4583,0.1538,728
19145,0.8462,0.4583,0.1538,728
19147,0.9519,0.4877,0.0481,728
19149,0.8365,0.3037,0.2115,728
19151,0.9038,0.3165,0.1346,728
19153,0.7981,0.2959,0.2115,728
19155,0.9712,0.4927,0.0288,728
19157,0.625,0.2564,0.4327,728
19159,0.5385,0.2333,0.5192,728
19161,0.8942,0.4721,0.1058,728
19163,0.7885,0.4409,0.2115,728
19165,0.9615,0.4902,0.0385,728
19167,0.8365,0.3037,0.2019,728
19169,0.7981,0.2959,0.2115,728
19171,0.9327,0.4826,0.0673,728
19173,0.7115,0.4157,0.2885,728
19175,0.5577,0.2387,0.5288,728
19177,0.2788,0.109,1.1058,728
19179,0.5096,0.1688,0.5673,728
19181,0.4904,0.1645,0.7019,728
19183,0.3654,0.1784,0.6346,728
19185,0.3173,0.1204,0.8942,728
19187,0.9135,0.3183,0.125,728
19189,1.0,1.0,0.0,728
19191,0.9615,0.3268,0.0481,728
19193,0.9327,0.4826,0.0673,728
19195,0.9519,0.4877,0.0481,728
19197,0.9712,0.4927,0.0288,728
20001,0.2692,0.1414,0.7308,728
20003,0.3269,0.1643,0.6731,728
20005,0.5096,0.1688,0.7692,728
20007,0.1442,0.0504,1.1635,728
20009,0.4808,0.1623,1.0385,728
20011,0.3269,0.1643,0.6731,728
20013,0.5769,0.1829,0.6442,728
20015,0.1154,0.0517,0.9712,728
20017,0.125,0.0556,0.9904,728
20019,0.375,0.1818,0.625,728
20021,0.25,0.1,0.8077,728
20023,0.1538,0.0889,1.6058,728
20025,0.1346,0.0475,1.4712,728
20027,0.5096,0.2251,0.6058,728
20029,0.5192,0.2278,0.5769,728
20031,0.2308,0.125,0.7692,728
20033,0.0962,0.0351,1.5,728
20035,0.1923,0.0806,0.8942,728
20037,0.2788,0.1454,0.7212,728
20039,0.3942,0.2828,0.6058,728
20041,0.5192,0.1709,0.9808,728
20043,0.5769,0.1829,0.6635,728
20045,0.3942,0.1131,0.7596,728
20047,0.1635,0.0702,1.0481,728
20049,0.3269,0.1232,0.7596,728
20051,0.3654,0.1784,0.6346,728
20053,0.4904,0.1645,0.9904,728
20055,0.1538,0.0667,2.0481,728
20057,0.0865,0.0319,1.4615,728
20059,0.3558,0.1312,0.7212,728
20061,0.5096,0.1688,1.0,728
20063,0.2596,0.1374,0.7404,728
20065,0.3558,0.2624,0.6442,728
20067,0.1442,0.0504,1.9712,728
20069,0.125,0.0444,2.0,728
20071,0.3558,0.1749,1.2019,728
20073,0.2404,0.0969,0.8462,728
20075,0.2019,0.084,1.3558,728
20077,0.1154,0.0414,1.2115,728
20079,0.1346,0.0475,1.2788,728
20081,0.1442,0.0504,1.9712,728
20083,0.1346,0.0593,1.3365,728
20085,0.5481,0.177,0.8654,728
20087,0.3365,0.1007,0.8462,728
20089,0.5385,0.2333,0.5481,728
20091,0.3462,0.1029,0.7981,728
20093,0.1538,0.0667,2.0481,728
20095,0.0769,0.0286,1.2212,728
20097,0.1731,0.059,1.1346,728
20099,0.3558,0.1312,0.6731,728
20101,0.2692,0.1414,1.3077,728
20103,0.4038,0.1151,0.7788,728
20105,0.4904,0.2194,0.6538,728
20107,0.3558,0.1749,0.6442,728
20109,0.125,0.0741,1.4808,728
20111,0.1442,0.063,1.0385,728
20113,0.4327,0.151,1.0962,728
20115,0.5,0.1333,1.1538,728
20117,0.5,0.2222,0.5673,728
20119,0.125,0.037,2.0865,728
20121,0.3365,0.1259,0.7019,728
20123,0.5481,0.236,0.5577,728
20125,0.2788,0.109,0.75,728
20127,0.5385,0.14,1.1538,728
20129,0.1346,0.0475,1.5192,728
20131,0.4615,0.1579,0.6827,728
20133,0.3173,0.1606,0.6827,728
20135,0.2019,0.084,1.3558,728
20137,0.375,0.2727,0.625,728
20139,0.25,0.1,0.875,728
20141,0.5865,0.2465,0.5385,728
20143,0.5096,0.2251,0.6731,728
20145,0.25,0.1,0.9231,728
20147,0.375,0.2727,0.625,728
20149,0.5673,0.181,0.7019,728
20151,0.1923,0.0645,1.1154,728
20153,0.25,0.1333,0.75,728
20155,0.1058,0.0478,1.125,728
20157,0.5192,0.3418,0.4808,728
20159,0.4808,0.1623,1.1442,728
20161,0.5673,0.181,0.6923,728
20163,0.4423,0.3067,0.5577,728
20165,0.1827,0.0772,0.9519,728
20167,0.4231,0.1982,0.8077,728
20169,0.5096,0.1688,0.9808,728
20171,0.2692,0.1414,1.3077,728
20173,0.0962,0.0439,1.1346,728
20175,0.0962,0.0292,2.1058,728
20177,0.3077,0.0941,0.8558,728
20179,0.375,0.1818,0.625,728
20181,0.1538,0.0889,1.5865,728
20183,0.5769,0.3659,0.4231,728
20185,0.1731,0.059,1.0673,728
20187,0.1635,0.0562,1.5192,728
20189,0.1442,0.042,2.0481,728
20191,0.1058,0.0478,1.0385,728
20193,0.375,0.1818,0.625,728
20195,0.2692,0.1414,0.7308,728
20197,0.2981,0.0919,1.0288,728
20199,0.1731,0.0984,1.4231,728
20201,0.5673,0.362,0.4327,728
20203,0.3365,0.1679,1.2404,728
20205,0.3269,0.1232,0.7019,728
20207,0.3173,0.1606,0.6827,728
20209,0.375,0.1091,0.8269,728
21001,0.0192,0.0189,0.9808,728
21003,0.0192,0.0189,0.9808,728
21005,0.0,0.0,1.0,728
21007,0.8942,0.4721,0.1058,728
21009,0.0192,0.0189,0.9808,728
21011,0.0,0.0,1.0,728
21013,0.9712,0.4927,0.0288,728
21015,1.0,1.0,0.0,728
21017,0.0,0.0,1.0,728
21019,1.0,1.0,0.0,728
21021,0.0096,0.0095,0.9904,728
21023,1.0,1.0,0.0,728
21025,0.9904,0.4976,0.0096,728
21027,1.0,1.0,0.0,728
21029,1.0,1.0,0.0,728
21031,0.0,0.0,1.0,728
21033,0.9904,0.4976,0.0096,728
21035,0.9615,0.4902,0.0385,728
21037,1.0,1.0,0.0,728
21039,0.8654,0.4639,0.1346,728
21041,1.0,1.0,0.0,728
21043,0.0,0.0,1.0,728
21045,0.0096,0.0095,0.9904,728
21047,0.0096,0.0095,0.9904,728
21049,0.0,0.0,1.0,728
21051,0.9904,0.4976,0.0096,728
21053,0.0192,0.0189,0.9808,728
21055,0.9904,0.4976,0.0096,728
21057,0.0192,0.0189,0.9808,728
21059,1.0,1.0,0.0,728
21061,0.0,0.0,1.0,728
21063,0.0,0.0,1.0,728
21065,0.0,0.0,1.0,728
21067,0.0,0.0,1.0,728
21069,0.0,0.0,1.0,728
21071,0.9904,0.4976,0.0096,728
21073,0.0,0.0,1.0,728
21075,0.8846,0.4694,0.1154,728
21077,1.0,1.0,0.0,728
21079,0.0,0.0,1.0,728
21081,0.0,0.0,1.0,728
21083,0.9519,0.4877,0.0481,728
21085,0.0,0.0,1.0,728
21087,0.0096,0.0095,0.9904,728
21089,1.0,1.0,0.0,728
21091,1.0,1.0,0.0,728
21093,1.0,1.0,0.0,728
21095,0.9712,0.4927,0.0288,728
21097,0.0,0.0,1.0,728
21099,0.0,0.0,1.0,728
21101,0.9904,0.4976,0.0096,728
21103,0.0,0.0,1.0,728
21105,0.9038,0.4747,0.0962,728
21107,1.0,1.0,0.0,728
21109,0.0096,0.0095,0.9904,728
21111,1.0,1.0,0.0,728
21113,0.0,0.0,1.0,728
21115,0.0096,0.0095,0.9904,728
21117,1.0,1.0,0.0,728
21119,0.9808,0.4951,0.0192,728
21121,0.9712,0.4927,0.0288,728
21123,0.0,0.0,1.0,728
21125,0.0096,0.0095,0.9904,728
21127,0.9904,0.4976,0.0096,728
21129,0.0096,0.0095,0.9904,728
21131,0.9712,0.4927,0.0288,728
21133,0.9808,0.4951,0.0192,728
21135,1.0,1.0,0.0,728
21137,0.0096,0.0095,0.9904,728
21139,0.9808,0.4951,0.0192,728
21141,0.0,0.0,1.0,728
21143,0.9904,0.4976,0.0096,728
21145,0.9327,0.4826,0.0673,728
21147,0.9808,0.4951,0.0192,728
21149,1.0,1.0,0.0,728
21151,0.0,0.0,1.0,728
21153,0.9904,0.4976,0.0096,728
21155,0.0,0.0,1.0,728
21157,0.9712,0.4927,0.0288,728
21159,0.9904,0.4976,0.0096,728
21161,0.0,0.0,1.0,728
21163,1.0,1.0,0.0,728
21165,0.0,0.0,1.0,728
21167,0.0,0.0,1.0,728
21169,0.0192,0.0189,0.9808,728
21171,0.0962,0.0877,0.9038,728
21173,0.0,0.0,1.0,728
21175,0.0,0.0,1.0,728
21177,1.0,1.0,0.0,728
21179,0.0,0.0,1.0,728
21181,0.0,0.0,1.0,728
21183,1.0,1.0,0.0,728
21185,1.0,1.0,0.0,728
21187,0.0,0.0,1.0,728
21189,0.0096,0.0095,0.9904,728
21191,1.0,1.0,0.0,728
21193,0.9712,0.4927,0.0288,728
21195,0.9904,0.4976,0.0096,728
21197,0.0,0.0,1.0,728
21199,0.0096,0.0095,0.9904,728
21201,0.0,0.0,1.0,728
21203,0.0096,0.0095,0.9904,728
21205,0.0,0.0,1.0,728
21207,0.0192,0.0189,0.9808,728
21209,0.0,0.0,1.0,728
21211,1.0,1.0,0.0,728
21213,0.0192,0.0189,0.9808,728
21215,1.0,1.0,0.0,728
21217,0.0096,0.0095,0.9904,728
21219,0.0,0.0,1.0,728
21221,0.0,0.0,1.0,728
21223,1.0,1.0,0.0,728
21225,0.9808,0.4951,0.0192,728
21227,0.0096,0.0095,0.9904,728
21229,0.0,0.0,1.0,728
21231,0.0192,0.0189,0.9808,728
21233,1.0,1.0,0.0,728
21235,0.9615,0.4902,0.0385,728
21237,0.0096,0.0095,0.9904,728
21239,0.0,0.0,1.0,728
22001,0.125,0.1111,0.875,728
22003,0.7885,0.4409,0.2115,728
22005,0.1635,0.1405,0.8365,728
22007,0.2212,0.1811,0.7788,728
22009,0.2404,0.1938,0.7596,728
22011,0.8462,0.3056,0.2404,728
22013,0.1731,0.0738,1.3558,728
22015,0.2212,0.0906,0.8942,728
22017,0.2404,0.0969,0.8462,728
22019,0.9135,0.4774,0.0865,728
22021,0.0385,0.0185,1.5673,728
22023,0.9231,0.48,0.0769,728
22025,0.25,0.1333,0.75,728
22027,0.1346,0.0593,1.4038,728
22029,0.25,0.1333,0.75,728
22031,0.1538,0.0667,0.8654,728
22033,0.0385,0.037,0.9615,728
22035,0.0865,0.0398,1.6154,728
22037,0.0192,0.0189,0.9808,728
22039,0.2212,0.1207,0.7788,728
22041,0.0769,0.0357,1.5,728
22043,0.2019,0.112,0.7981,728
22045,0.0673,0.0631,0.9327,728
22047,0.1154,0.1034,0.8846,728
22049,0.0288,0.014,1.5673,728
22051,0.0385,0.037,0.9615,728
22053,0.8173,0.4497,0.1827,728
22055,0.1635,0.1405,0.8365,728
22057,0.0385,0.037,0.9615,728
22059,0.2885,0.1493,0.7115,728
22061,0.1058,0.0478,1.4135,728
22063,0.0577,0.0545,0.9423,728
22065,0.0865,0.0398,1.6154,728
22067,0.0481,0.0229,1.6442,728
22069,0.1154,0.069,1.5385,728
22071,0.1731,0.1475,0.8269,728
22073,0.0288,0.014,1.625,728
22075,0.1442,0.1261,0.8558,728
22077,0.1154,0.1034,0.8846,728
22079,0.1731,0.0984,0.8269,728
22081,0.1635,0.0702,1.375,728
22083,0.0481,0.0229,1.5673,728
22085,0.1538,0.0889,0.8462,728
22087,0.0385,0.037,0.9615,728
22089,0.125,0.1111,0.875,728
22091,0.0192,0.0189,0.9808,728
22093,0.2212,0.1811,0.7788,728
22095,0.1827,0.1545,0.8173,728
22097,0.1154,0.1034,0.8846,728
22099,0.0385,0.037,0.9615,728
22101,0.125,0.1111,0.875,728
22103,0.0385,0.037,0.9615,728
22105,0.0192,0.0189,0.9808,728
22107,0.2788,0.1454,0.7212,728
22109,0.0769,0.0714,0.9231,728
22111,0.1058,0.0478,1.5,728
22113,0.125,0.1111,0.875,728
22115,0.0673,0.042,0.9327,728
22117,0.0192,0.0189,0.9808,728
22119,0.1442,0.0504,1.4038,728
22121,0.0385,0.037,0.9615,728
22123,0.0385,0.0185,1.6635,728
22125,0.1154,0.1034,0.8846,728
22127,0.0769,0.0357,1.5385,728
23001,0.0577,0.0364,1.6538,728
23003,0.9135,0.4774,0.0865,728
23005,0.1154,0.069,1.5769,728
23007,0.0769,0.0714,0.9231,728
23009,0.0577,0.0364,1.5577,728
23011,0.0385,0.0247,1.7212,728
23013,0.0865,0.0531,1.5096,728
23015,0.1731,0.0984,1.4327,728
23017,0.1538,0.1333,0.8462,728
23019,0.0,0.0,1.8654,728
23021,0.0385,0.037,0.9615,728
23023,0.2404,0.1292,1.3654,728
23025,0.0577,0.0545,0.9423,728
23027,0.0385,0.0247,1.7115,728
23029,0.1731,0.0984,0.8269,728
23031,0.1154,0.069,1.5673,728
24001,1.0,1.0,0.0,728
24003,0.2308,0.125,0.7692,728
24005,0.1538,0.0889,1.5481,728
24009,0.7596,0.2878,0.3269,728
24011,0.8654,0.3093,0.1538,728
24013,0.2019,0.112,0.7981,728
24015,0.1538,0.0889,0.8462,728
24017,0.2596,0.1374,0.7404,728
24019,0.9327,0.4826,0.0673,728
24021,0.2596,0.2061,0.7404,728
24023,1.0,1.0,0.0,728
24025,0.1154,0.069,1.5673,728
24027,0.2212,0.1207,1.375,728
24029,0.1058,0.0638,0.8942,728
24031,0.2404,0.1292,0.7596,728
24033,0.2981,0.1531,0.7019,728
24035,0.1538,0.0889,0.8462,728
24037,0.7788,0.2919,0.2885,728
24039,0.8846,0.4694,0.1154,728
24041,0.8654,0.3093,0.1538,728
24043,0.0288,0.028,0.9712,728
24045,0.875,0.4667,0.125,728
24047,0.9519,0.4877,0.0481,728
24510,0.1827,0.0772,1.4231,728
25001,0.1923,0.1613,0.8077,728
25003,0.1058,0.0638,1.6923,728
25005,0.1058,0.0638,1.75,728
25007,0.2115,0.1746,0.7885,728
25009,0.0288,0.014,2.6058,728
25011,0.125,0.0741,1.6538,728
25013,0.1058,0.0478,2.5481,728
25015,0.0385,0.0185,2.6154,728
25017,0.0,0.0,2.7212,728
25019,0.8365,0.4555,0.1635,728
25021,0.1154,0.069,1.6827,728
25023,0.1058,0.0638,1.75,728
25025,0.0288,0.014,2.6058,728
25027,0.0,0.0,2.6827,728
26001,0.9231,0.32,0.1058,728
26003,1.0,1.0,0.0,728
26005,0.9519,0.4877,0.0481,728
26007,0.9231,0.32,0.1058,728
26009,0.9519,0.3251,0.0673,728
26011,1.0,1.0,0.0,728
26013,0.9712,0.4927,0.0288,728
26015,0.8942,0.4721,0.1058,728
26017,0.9808,0.4951,0.0192,728
26019,1.0,1.0,0.0,728
26021,0.9519,0.4877,0.0481,728
26023,0.9327,0.4826,0.0673,728
26025,0.8558,0.4611,0.1442,728
26027,0.9615,0.4902,0.0385,728
26029,0.9519,0.3251,0.0673,728
26031,0.875,0.2333,0.1827,728
26033,1.0,1.0,0.0,728
26035,1.0,1.0,0.0,728
26037,0.8077,0.2979,0.2019,728
26039,0.9135,0.3183,0.125,728
26041,1.0,1.0,0.0,728
26043,0.9712,0.4927,0.0288,728
26045,0.7981,0.2959,0.2212,728
26047,0.8846,0.2347,0.1731,728
26049,0.9038,0.3165,0.1442,728
26051,1.0,1.0,0.0,728
26053,0.9423,0.4851,0.0577,728
26055,1.0,1.0,0.0,728
26057,0.9038,0.4747,0.0962,728
26059,0.9327,0.4826,0.0673,728
26061,0.9519,0.4877,0.0481,728
26063,0.9038,0.3165,0.1346,728
26065,0.8077,0.2979,0.2019,728
26067,0.8269,0.3018,0.2019,728
26069,0.9615,0.4902,0.0385,728
26071,0.9712,0.4927,0.0288,728
26073,1.0,1.0,0.0,728
26075,0.8365,0.3037,0.1827,728
26077,0.8942,0.4721,0.1058,728
26079,0.9615,0.4902,0.0385,728
26081,0.8846,0.4694,0.1154,728
26083,0.9712,0.4927,0.0288,728
26085,0.9231,0.48,0.0769,728
26087,0.8942,0.4721,0.1058,728
26089,1.0,1.0,0.0,728
26091,0.9135,0.4774,0.0865,728
26093,0.7981,0.2959,0.2115,728
26095,1.0,1.0,0.0,728
26097,1.0,1.0,0.0,728
26099,0.9327,0.4826,0.0673,728
26101,1.0,1.0,0.0,728
26103,1.0,1.0,0.0,728
26105,0.9615,0.4902,0.0385,728
26107,0.9327,0.4826,0.0673,728
26109,0.9808,0.4951,0.0192,728
26111,1.0,1.0,0.0,728
26113,0.9231,0.48,0.0769,728
26115,0.8942,0.4721,0.1058,728
26117,0.8846,0.4694,0.1154,728
26119,0.9135,0.3183,0.1058,728
26121,0.9423,0.4851,0.0577,728
26123,0.9519,0.4877,0.0481,728
26125,0.8942,0.4721,0.1058,728
26127,0.9423,0.4851,0.0577,728
26129,1.0,1.0,0.0,728
26131,0.9423,0.4851,0.0577,728
26133,0.9327,0.4826,0.0673,728
26135,0.9135,0.4774,0.0865,728
26137,0.8846,0.2347,0.1827,728
26139,0.9038,0.4747,0.0962,728
26141,0.8846,0.3129,0.1538,728
26143,0.9808,0.4951,0.0192,728
26145,0.8942,0.4721,0.1058,728
26147,0.9327,0.4826,0.0673,728
26149,0.8942,0.4721,0.1058,728
26151,0.875,0.4667,0.125,728
26153,1.0,1.0,0.0,728
26155,0.8558,0.3074,0.1538,728
26157,0.9231,0.32,0.0865,728
26159,0.9519,0.4877,0.0481,728
26161,0.7885,0.4409,0.2115,728
26163,0.9327,0.4826,0.0673,728
26165,1.0,1.0,0.0,728
27001,0.9712,0.4927,0.0288,728
27003,0.9808,0.4951,0.0192,728
27005,0.9135,0.4774,0.0865,728
27007,0.7308,0.2815,0.3365,728
27009,0.9712,0.4927,0.0288,728
27011,0.8846,0.4694,0.1154,728
27013,1.0,1.0,0.0,728
27015,0.9904,0.4976,0.0096,728
27017,0.9808,0.4951,0.0192,728
27019,1.0,1.0,0.0,728
27021,0.9712,0.4927,0.0288,728
27023,1.0,1.0,0.0,728
27025,0.9615,0.4902,0.0385,728
27027,0.9135,0.4774,0.0865,728
27029,0.8269,0.4526,0.1731,728
27031,0.9808,0.4951,0.0192,728
27033,1.0,1.0,0.0,728
27035,0.9712,0.4927,0.0288,728
27037,1.0,1.0,0.0,728
27039,1.0,1.0,0.0,728
27041,0.8942,0.4721,0.1058,728
27043,1.0,1.0,0.0,728
27045,0.9615,0.4902,0.0385,728
27047,1.0,1.0,0.0,728
27049,1.0,1.0,0.0,728
27051,0.8654,0.4639,0.1346,728
27053,0.9808,0.4951,0.0192,728
27055,0.9519,0.3251,0.0769,728
27057,0.8269,0.4526,0.1731,728
27059,0.9615,0.4902,0.0385,728
27061,0.9808,0.4951,0.0192,728
27063,1.0,1.0,0.0,728
27065,0.9712,0.4927,0.0288,728
27067,1.0,1.0,0.0,728
27069,0.6827,0.2705,0.375,728
27071,0.6058,0.3772,0.3942,728
27073,0.9423,0.4851,0.0577,728
27075,1.0,1.0,0.0,728
27077,0.6923,0.2727,0.3942,728
27079,1.0,1.0,0.0,728
27081,0.9615,0.4902,0.0385,728
27083,0.9808,0.4951,0.0192,728
27085,1.0,1.0,0.0,728
27087,0.8654,0.4639,0.1346,728
27089,0.7885,0.2939,0.2596,728
27091,1.0,1.0,0.0,728
27093,1.0,1.0,0.0,728
27095,0.9712,0.4927,0.0288,728
27097,0.9712,0.4927,0.0288,728
27099,1.0,1.0,0.0,728
27101,0.9808,0.4951,0.0192,728
27103,1.0,1.0,0.0,728
27105,0.8942,0.4721,0.1058,728
27107,0.875,0.3111,0.1442,728
27109,1.0,1.0,0.0,728
27111,0.9038,0.4747,0.0962,728
27113,0.8077,0.2979,0.2115,728
27115,0.9712,0.4927,0.0288,728
27117,0.9808,0.4951,0.0192,728
27119,0.8942,0.3147,0.1154,728
27121,0.9231,0.48,0.0769,728
27123,0.9808,0.4951,0.0192,728
27125,0.7115,0.2772,0.3077,728
27127,1.0,1.0,0.0,728
27129,1.0,1.0,0.0,728
27131,1.0,1.0,0.0,728
27133,0.8558,0.4611,0.1442,728
27135,0.6731,0.2682,0.4038,728
27137,1.0,1.0,0.0,728
27139,1.0,1.0,0.0,728
27141,1.0,1.0,0.0,728
27143,1.0,1.0,0.0,728
27145,1.0,1.0,0.0,728
27147,1.0,1.0,0.0,728
27149,0.9135,0.3183,0.125,728
27151,0.9615,0.4902,0.0385,728
27153,0.8942,0.4721,0.1058,728
27155,0.8654,0.3093,0.1731,728
27157,0.9712,0.4927,0.0288,728
27159,0.9231,0.48,0.0769,728
27161,1.0,1.0,0.0,728
27163,0.9808,0.4951,0.0192,728
27165,0.9904,0.4976,0.0096,728
27167,0.875,0.4667,0.125,728
27169,0.9808,0.4951,0.0192,728
27171,1.0,1.0,0.0,728
27173,0.9808,0.4951,0.0192,728
28001,0.3365,0.2518,0.6635,728
28003,0.0,0.0,1.7212,728
28005,0.0096,0.0095,0.9904,728
28007,0.1538,0.0889,1.5769,728
28009,0.0,0.0,1.7885,728
28011,0.0288,0.0187,1.8942,728
28013,0.0673,0.042,1.75,728
28015,0.0673,0.042,1.6827,728
28017,0.125,0.0741,1.4615,728
28019,0.1346,0.0791,1.6058,728
28021,0.2788,0.1454,0.7212,728
28023,0.0,0.0,1.75,728
28025,0.1442,0.084,1.5,728
28027,0.0288,0.0187,1.7885,728
28029,0.2404,0.1938,0.7596,728
28031,0.125,0.1111,0.875,728
28033,0.1538,0.1333,0.8462,728
28035,0.0192,0.0189,0.9808,728
28037,0.2404,0.1938,0.7596,728
28039,0.0673,0.0631,0.9327,728
28041,0.0385,0.037,0.9615,728
28043,0.0673,0.042,1.75,728
28045,0.0385,0.037,0.9615,728
28047,0.0769,0.0714,0.9231,728
28049,0.1827,0.103,0.8173,728
28051,0.1154,0.069,1.625,728
28053,0.0385,0.0247,1.7788,728
28055,0.1058,0.0638,1.6346,728
28057,0.1154,0.069,1.5,728
28059,0.0,0.0,1.9327,728
28061,0.0,0.0,1.7404,728
28063,0.3558,0.2624,0.6442,728
28065,0.0673,0.0631,0.9327,728
28067,0.0577,0.0545,0.9423,728
28069,0.1923,0.1075,1.5,728
28071,0.0577,0.0364,1.6635,728
28073,0.0288,0.028,0.9712,728
28075,0.1442,0.084,1.5577,728
28077,0.1154,0.1034,0.8846,728
28079,0.1346,0.0593,1.5673,728
28081,0.1538,0.0889,1.4423,728
28083,0.0673,0.042,1.75,728
28085,0.1154,0.1034,0.8846,728
28087,0.0577,0.0273,2.3365,728
28089,0.0673,0.0315,1.7115,728
28091,0.0865,0.0796,0.9135,728
28093,0.1538,0.1333,0.8462,728
28095,0.0865,0.0531,1.5096,728
28097,0.0673,0.042,1.6827,728
28099,0.1442,0.063,1.5385,728
28101,0.0,0.0,2.5288,728
28103,0.2308,0.0938,1.3942,728
28105,0.1635,0.0937,1.4808,728
28107,0.0288,0.0187,1.8365,728
28109,0.0096,0.0095,0.9904,728
28111,0.0192,0.0189,0.9808,728
28113,0.0096,0.0095,0.9904,728
28115,0.0962,0.0585,1.5385,728
28117,0.1442,0.084,1.4712,728
28119,0.0288,0.0187,1.7788,728
28121,0.0481,0.0306,1.6538,728
28123,0.1538,0.0889,1.5865,728
28125,0.1058,0.0638,1.6058,728
28127,0.1538,0.1333,0.8462,728
28129,0.0,0.0,1.7885,728
28131,0.0385,0.037,0.9615,728
28133,0.0288,0.0187,1.8558,728
28135,0.0288,0.0187,1.7885,728
28137,0.0288,0.0187,1.7692,728
28139,0.0,0.0,1.7788,728
28141,0.0,0.0,1.6346,728
28143,0.2115,0.1746,0.7885,728
28145,0.1442,0.084,1.5481,728
28147,0.0192,0.0189,0.9808,728
28149,0.0673,0.0315,1.6346,728
28151,0.0192,0.0126,1.7981,728
28153,0.0,0.0,1.9423,728
28155,0.0673,0.042,1.6827,728
28157,0.0962,0.0877,0.9038,728
28159,0.2115,0.0873,1.4135,728
28161,0.0673,0.042,1.75,728
28163,0.1058,0.0638,1.6923,728
29001,0.4904,0.1645,0.5673,728
29003,0.5,0.1333,0.8365,728
29005,0.6731,0.2682,0.4135,728
29007,0.4135,0.195,0.5865,728
29009,0.3654,0.1338,0.6635,728
29011,0.3558,0.1312,0.6635,728
29013,0.3846,0.1852,0.6154,728
29015,0.3942,0.1885,0.6058,728
29017,0.2788,0.1454,0.7212,728
29019,0.3173,0.1204,0.75,728
29021,0.5385,0.175,0.7404,728
29023,0.6923,0.2727,0.5,728
29025,0.2692,0.0707,0.9712,728
29027,0.3077,0.1569,0.6923,728
29029,0.3558,0.1749,0.6442,728
29031,0.6538,0.3953,0.3462,728
29033,0.3462,0.1029,0.7404,728
29035,0.1731,0.0738,1.3462,728
29037,0.3365,0.1679,0.6635,728
29039,0.3558,0.1312,0.6538,728
29041,0.3846,0.1111,0.7308,728
29043,0.3558,0.1312,0.6635,728
29045,0.4712,0.1601,0.7115,728
29047,0.3558,0.105,0.7788,728
29049,0.2596,0.1031,0.8173,728
29051,0.2981,0.1531,0.7019,728
29053,0.3077,0.1176,0.7692,728
29055,0.2788,0.109,0.8365,728
29057,0.3654,0.1338,0.6538,728
29059,0.4135,0.1463,0.5962,728
29061,0.3173,0.0803,0.9231,728
29063,0.4808,0.1299,0.9712,728
29065,0.2788,0.109,0.7404,728
29067,0.2981,0.1531,0.7019,728
29069,0.8269,0.3018,0.2019,728
29071,0.2404,0.0969,0.7788,728
29073,0.2115,0.1164,0.7885,728
29075,0.4712,0.1281,0.9423,728
29077,0.4519,0.1556,0.5865,728
29079,0.3558,0.105,0.8173,728
29081,0.4712,0.1601,0.7692,728
29083,0.3942,0.1885,0.6058,728
29085,0.3846,0.1852,0.6154,728
29087,0.5769,0.1829,0.625,728
29089,0.2596,0.0824,0.8846,728
29091,0.2692,0.1061,0.8365,728
29093,0.1827,0.0772,0.9327,728
29095,0.3462,0.1286,0.7308,728
29097,0.3365,0.1259,0.6827,728
29099,0.6058,0.1886,0.6154,728
29101,0.4615,0.2105,0.5385,728
29103,0.4038,0.1438,0.6154,728
29105,0.4231,0.1982,0.5769,728
29107,0.3077,0.1176,0.7212,728
29109,0.125,0.0556,1.2981,728
29111,0.4327,0.2013,0.5673,728
29113,0.25,0.1333,0.75,728
29115,0.2788,0.0872,0.8846,728
29117,0.2692,0.0848,0.9519,728
29119,0.3462,0.1286,0.6635,728
29121,0.375,0.1364,0.6827,728
29123,0.2019,0.112,0.7981,728
29125,0.2308,0.125,0.7692,728
29127,0.5385,0.2333,0.4615,728
29129,0.375,0.1364,0.9038,728
29131,0.3365,0.1679,0.6635,728
29133,0.875,0.4667,0.125,728
29135,0.375,0.1364,0.7019,728
29137,0.4423,0.2044,0.5577,728
29139,0.3269,0.1643,0.6731,728
29141,0.3365,0.1679,0.6635,728
29143,0.8942,0.4721,0.1058,728
29145,0.3654,0.1338,0.6923,728
29147,0.6154,0.1524,0.6154,728
29149,0.1442,0.063,1.0096,728
29151,0.3173,0.1606,0.6827,728
29153,0.2885,0.1119,0.8558,728
29155,0.9135,0.3183,0.1154,728
29157,0.3462,0.1714,0.6538,728
29159,0.4038,0.1918,0.5962,728
29161,0.2885,0.1493,0.7115,728
29163,0.4038,0.1918,0.5962,728
29165,0.3365,0.1259,0.7019,728
29167,0.3654,0.107,0.6827,728
29169,0.3365,0.1679,0.6635,728
29171,0.3269,0.0986,0.75,728
29173,0.4423,0.2044,0.5577,728
29175,0.4423,0.1533,0.6346,728
29177,0.3077,0.0941,0.7885,728
29179,0.1731,0.0738,0.9423,728
29181,0.2212,0.0906,0.8942,728
29183,0.5769,0.1829,0.6058,728
29185,0.3654,0.1784,0.6346,728
29186,0.1923,0.1075,0.8077,728
29187,0.1827,0.103,0.8173,728
29189,0.6058,0.1886,0.5769,728
29195,0.3558,0.1312,0.7019,728
29197,0.3269,0.0986,0.8077,728
29199,0.4808,0.1299,0.6442,728
29201,0.7212,0.419,0.2788,728
29203,0.3077,0.1176,0.8077,728
29205,0.4808,0.2165,0.5192,728
29207,0.75,0.2857,0.2692,728
29209,0.3269,0.1232,0.6923,728
29211,0.2885,0.0896,0.8365,728
29213,0.3077,0.1176,0.8365,728
29215,0.2788,0.1454,0.7212,728
29217,0.3365,0.1679,0.6635,728
29219,0.3846,0.1852,0.6154,728
29221,0.25,0.1,0.8654,728
29223,0.2212,0.1207,0.7788,728
29225,0.3077,0.1176,0.7115,728
29227,0.5192,0.1709,0.7019,728
29229,0.3269,0.1643,0.6731,728
29510,0.6058,0.1886,0.6923,728
30001,0.9519,0.4877,0.0481,728
30003,0.9135,0.4774,0.0865,728
30005,0.4615,0.1263,1.1635,728
30007,0.8558,0.2306,0.2308,728
30009,0.9712,0.4927,0.0288,728
30011,0.2115,0.0873,0.875,728
30013,0.7885,0.2204,0.3942,728
30015,0.75,0.1714,0.4615,728
30017,0.625,0.1538,0.8269,728
30019,0.3462,0.0857,1.6827,728
30021,0.5577,0.1432,0.9327,728
30023,0.1923,0.1075,0.8077,728
30025,0.5962,0.1867,0.8173,728
30027,0.6731,0.1609,0.75,728
30029,0.6442,0.1959,0.4712,728
30031,0.9423,0.4851,0.0577,728
30033,0.6058,0.1257,1.1346,728
30035,0.6923,0.2045,0.5288,728
30037,0.7404,0.2836,0.375,728
30039,0.1923,0.1075,0.8077,728
30041,0.5962,0.1494,0.75,728
30043,0.0962,0.0585,0.9038,728
30045,0.7692,0.2174,0.4231,728
30047,0.7692,0.2899,0.2981,728
30049,0.0865,0.0398,0.9327,728
30051,0.6442,0.1567,0.6154,728
30053,0.5865,0.1848,0.7404,728
30055,0.5769,0.122,1.2115,728
30057,0.9423,0.4851,0.0577,728
30059,0.8365,0.2277,0.2885,728
30061,0.7308,0.2815,0.3654,728
30063,0.7788,0.2919,0.2788,728
30065,0.7212,0.1676,0.625,728
30067,0.9615,0.4902,0.0385,728
30069,0.6346,0.1294,1.0096,728
30071,0.4135,0.0975,1.3654,728
30073,0.7019,0.2062,0.4423,728
30075,0.7308,0.2815,0.4135,728
30077,0.1923,0.1075,0.8077,728
30079,0.1923,0.0645,1.0192,728
30081,0.8269,0.4526,0.1731,728
30083,0.5096,0.135,1.0385,728
30085,0.4519,0.1245,1.375,728
30087,0.7212,0.1676,0.6442,728
30089,0.7212,0.2793,0.3846,728
30091,0.4327,0.1208,1.5962,728
30093,0.0577,0.0364,0.9423,728
30095,0.9423,0.4851,0.0577,728
30097,0.9423,0.4851,0.0577,728
30099,0.7692,0.2174,0.375,728
30101,0.6923,0.1636,0.5577,728
30103,0.7019,0.2062,0.6635,728
30105,0.4327,0.1007,1.5769,728
30107,0.8173,0.2998,0.2885,728
30109,0.5,0.1333,0.9904,728
30111,0.8173,0.2998,0.2308,728
31001,0.1731,0.1475,0.8269,728
31003,0.8365,0.3037,0.2115,728
31005,0.8173,0.2998,0.2019,728
31007,0.2885,0.2239,0.7115,728
31009,0.8558,0.3074,0.1731,728
31011,0.8462,0.3056,0.1827,728
31013,0.0577,0.0545,0.9423,728
31015,0.8077,0.2979,0.2404,728
31017,0.8365,0.3037,0.2019,728
31019,0.3173,0.2409,0.6827,728
31021,0.8846,0.4694,0.1154,728
31023,0.9231,0.48,0.0769,728
31025,0.8269,0.4526,0.1731,728
31027,0.7981,0.2959,0.2692,728
31029,0.3269,0.2464,0.6731,728
31031,0.9038,0.3165,0.1154,728
31033,0.4615,0.3158,0.5385,728
31035,0.6442,0.3918,0.3558,728
31037,0.9327,0.4826,0.0673,728
31039,0.8942,0.4721,0.1058,728
31041,0.8654,0.4639,0.1346,728
31043,0.8462,0.3056,0.1923,728
31045,0.125,0.1111,0.875,728
31047,0.2404,0.1938,0.7596,728
31049,0.1154,0.069,1.5385,728
31051,0.8462,0.3056,0.1923,728
31053,0.9231,0.48,0.0769,728
31055,0.8654,0.4639,0.1346,728
31057,0.1538,0.0889,1.5288,728
31059,0.7115,0.2772,0.2981,728
31061,0.7212,0.419,0.2788,728
31063,0.2308,0.1875,0.7692,728
31065,0.4231,0.2973,0.5769,728
31067,0.7404,0.4254,0.2596,728
31069,0.0769,0.0714,0.9231,728
31071,0.1731,0.1475,0.8269,728
31073,0.375,0.2727,0.625,728
31075,0.9423,0.4851,0.0577,728
31077,0.25,0.2,0.75,728
31079,0.2019,0.168,0.7981,728
31081,0.8365,0.4555,0.1635,728
31083,0.3846,0.2778,0.6154,728
31085,0.2981,0.2296,0.7019,728
31087,0.3173,0.2409,0.6827,728
31089,0.8558,0.4611,0.1442,728
31091,0.875,0.3111,0.1442,728
31093,0.1635,0.1405,0.8365,728
31095,0.6635,0.3988,0.3365,728
31097,0.7115,0.4157,0.2885,728
31099,0.0288,0.0187,1.6827,728
31101,0.3269,0.2464,0.6731,728
31103,0.7981,0.2959,0.25,728
31105,0.3077,0.2353,0.6923,728
31107,0.7885,0.2939,0.2692,728
31109,0.8173,0.4497,0.1827,728
31111,0.875,0.4667,0.125,728
31113,0.8654,0.4639,0.1346,728
31115,0.1731,0.1475,0.8269,728
31117,0.8173,0.2998,0.2019,728
31119,0.8558,0.3074,0.1923,728
31121,0.8558,0.4611,0.1442,728
31123,0.1731,0.1475,0.8269,728
31125,0.8558,0.4611,0.1442,728
31127,0.6827,0.4057,0.3173,728
31129,0.5,0.2222,0.5288,728
31131,0.8462,0.4583,0.1538,728
31133,0.6154,0.381,0.3846,728
31135,0.2981,0.2296,0.7019,728
31137,0.2788,0.218,0.7212,728
31139,0.8365,0.3037,0.2115,728
31141,0.8558,0.4611,0.1442,728
31143,0.9135,0.4774,0.0865,728
31145,0.3173,0.2409,0.6827,728
31147,0.5865,0.2465,0.4423,728
31149,0.8558,0.4611,0.1442,728
31151,0.7212,0.419,0.2788,728
31153,0.8654,0.4639,0.1346,728
31155,0.9231,0.48,0.0769,728
31157,0.2308,0.1875,0.7692,728
31159,0.8077,0.4468,0.1923,728
31161,0.0962,0.0877,0.9038,728
31163,0.0288,0.0187,1.7212,728
31165,0.1058,0.0957,0.8942,728
31167,0.8558,0.4611,0.1442,728
31169,0.6154,0.254,0.4327,728
31171,0.8654,0.3093,0.1538,728
31173,0.8942,0.4721,0.1058,728
31175,0.25,0.2,0.75,728
31177,0.9038,0.4747,0.0962,728
31179,0.8365,0.3037,0.2019,728
31181,0.6154,0.381,0.3846,728
31183,0.1346,0.0791,0.8654,728
31185,0.8558,0.4611,0.1442,728
32001,0.0096,0.0063,1.6731,728
32003,0.4615,0.2105,0.8365,728
32005,0.0096,0.0063,1.8269,728
32007,0.6923,0.2727,0.4423,728
32009,0.0288,0.0187,1.5,728
32011,0.6923,0.2727,0.3365,728
32013,0.2885,0.1493,0.7115,728
32015,0.3173,0.2409,0.6827,728
32017,0.4712,0.2135,0.8942,728
32019,0.0096,0.0063,1.8558,728
32021,0.0096,0.0063,1.8462,728
32023,0.5288,0.3459,0.4712,728
32027,0.3173,0.2409,0.6827,728
32029,0.0096,0.0063,1.8269,728
32031,0.1635,0.1405,0.8365,728
32033,0.5385,0.2333,0.5962,728
32510,0.0096,0.0063,1.8269,728
33001,0.1538,0.0889,1.5962,728
33003,0.0577,0.0364,1.6923,728
33005,0.125,0.0741,1.6635,728
33007,0.9135,0.4774,0.0865,728
33009,0.2212,0.1811,0.7788,728
33011,0.0,0.0,2.6442,728
33013,0.1058,0.0478,2.4808,728
33015,0.0288,0.014,2.5962,728
33017,0.1923,0.1075,1.5385,728
33019,0.2019,0.112,1.5577,728
34001,0.0962,0.0877,0.9038,728
34003,0.1058,0.0638,1.6346,728
34005,0.0962,0.0877,0.9038,728
34007,0.0962,0.0877,0.9038,728
34009,0.1058,0.0957,0.8942,728
34011,0.1058,0.0957,0.8942,728
34013,0.0288,0.0187,1.75,728
34015,0.1058,0.0957,0.8942,728
34017,0.0288,0.0187,1.7596,728
34019,0.0288,0.014,2.6538,728
34021,0.0288,0.0187,1.8654,728
34023,0.0288,0.0187,1.875,728
34025,0.0288,0.0187,1.875,728
34027,0.0288,0.014,2.6154,728
34029,0.0962,0.0877,0.9038,728
34031,0.0288,0.014,2.6154,728
34033,0.0865,0.0531,0.9135,728
34035,0.0288,0.014,2.7308,728
34037,0.0288,0.014,2.6538,728
34039,0.0288,0.0187,1.7596,728
34041,0.0288,0.014,2.6442,728
35001,0.4712,0.1281,1.4038,728
35003,0.4135,0.117,1.4904,728
35005,0.5096,0.1688,1.0962,728
35006,0.4519,0.1245,1.5,728
35007,0.4712,0.1281,1.8077,728
35009,0.1731,0.0738,1.0288,728
35011,0.2308,0.075,1.1923,728
35013,0.5,0.2222,0.6058,728
35015,0.5673,0.2413,0.6635,728
35017,0.3173,0.1204,1.2115,728
35019,0.2308,0.075,1.1923,728
35021,0.4808,0.1299,1.2885,728
35023,0.2788,0.1454,1.2308,728
35025,0.6154,0.1905,0.7115,728
35027,0.4904,0.1645,1.0673,728
35028,0.4519,0.1245,1.8942,728
35029,0.375,0.1818,0.8846,728
35031,0.4519,0.1245,1.875,728
35033,0.4712,0.1281,1.6154,728
35035,0.4712,0.2135,0.8462,728
35037,0.1827,0.0618,1.0481,728
35039,0.4519,0.1245,1.8942,728
35041,0.5288,0.173,1.1346,728
35043,0.4519,0.1245,1.75,728
35045,0.4423,0.1022,2.2404,728
35047,0.4519,0.1245,1.3269,728
35049,0.4712,0.1281,1.6346,728
35051,0.5192,0.1709,0.9038,728
35053,0.5288,0.173,1.125,728
35055,0.4712,0.1281,1.8846,728
35057,0.4327,0.1208,1.2885,728
35059,0.4038,0.1151,1.375,728
35061,0.5096,0.135,1.2115,728
36001,0.125,0.1111,0.875,728
36003,1.0,1.0,0.0,728
36005,0.1058,0.0638,1.7019,728
36007,0.9615,0.4902,0.0385,728
36009,1.0,1.0,0.0,728
36011,0.0769,0.0714,0.9231,728
36013,1.0,1.0,0.0,728
36015,0.0288,0.0187,1.8846,728
36017,0.9615,0.4902,0.0385,728
36019,0.1442,0.084,1.625,728
36021,0.1058,0.0638,1.6058,728
36023,0.0673,0.0631,0.9327,728
36025,0.9519,0.4877,0.0481,728
36027,0.0385,0.0185,2.6346,728
36029,0.0577,0.0545,0.9423,728
36031,0.0962,0.0585,1.6538,728
36033,0.2115,0.1746,0.7885,728
36035,0.0962,0.0877,0.9038,728
36037,0.1635,0.1405,0.8365,728
36039,0.1731,0.1475,0.8269,728
36041,0.1538,0.1333,0.8462,728
36043,0.9423,0.4851,0.0577,728
36045,0.9712,0.4927,0.0288,728
36047,0.0288,0.0187,1.7788,728
36049,0.9135,0.4774,0.0865,728
36051,0.125,0.1111,0.875,728
36053,0.9615,0.4902,0.0385,728
36055,0.1346,0.1186,0.8654,728
36057,0.0962,0.0877,0.9038,728
36059,0.0288,0.0187,1.8365,728
36061,0.0288,0.0187,1.7404,728
36063,0.0577,0.0364,1.7212,728
36065,0.9327,0.4826,0.0673,728
36067,0.9519,0.4877,0.0481,728
36069,0.125,0.1111,0.875,728
36071,0.0577,0.0273,2.5865,728
36073,0.1442,0.084,0.8558,728
36075,0.9423,0.4851,0.0577,728
36077,0.9904,0.4976,0.0096,728
36079,0.0577,0.0273,2.5962,728
36081,0.0288,0.0187,1.7788,728
36083,0.1538,0.1333,0.8462,728
36085,0.0288,0.0187,1.8365,728
36087,0.0577,0.0273,2.5865,728
36089,0.1154,0.1034,0.8846,728
36091,0.0962,0.0877,0.9038,728
36093,0.0962,0.0877,0.9038,728
36095,0.0962,0.0877,0.9038,728
36097,0.0385,0.0247,1.875,728
36099,0.0865,0.0796,0.9135,728
36101,0.0385,0.037,0.9615,728
36103,0.1058,0.0638,1.7404,728
36105,0.0577,0.0364,1.7308,728
36107,0.0385,0.037,0.9615,728
36109,0.0288,0.0187,1.875,728
36111,0.1058,0.0638,1.6731,728
36113,0.1154,0.1034,0.8846,728
36115,0.1442,0.1261,0.8558,728
36117,0.9423,0.4851,0.0577,728
36119,0.0288,0.014,2.6442,728
36121,0.0769,0.0714,0.9231,728
36123,0.1538,0.1333,0.8462,728
37001,0.1538,0.0889,0.8462,728
37003,0.1058,0.0638,1.6827,728
37005,0.1058,0.0638,1.6827,728
37007,0.1346,0.0791,0.8654,728
37009,0.0192,0.0126,1.7692,728
37011,0.0577,0.0364,1.75,728
37013,0.9423,0.4851,0.0577,728
37015,0.8462,0.4583,0.1538,728
37017,0.9231,0.48,0.0769,728
37019,0.9615,0.4902,0.0385,728
37021,0.0673,0.0315,1.7692,728
37023,0.0769,0.0476,1.7404,728
37025,0.1827,0.103,0.8173,728
37027,0.0769,0.0476,1.7308,728
37029,0.8654,0.4639,0.1346,728
37031,0.9423,0.4851,0.0577,728
37033,0.2596,0.1374,0.7404,728
37035,0.0769,0.0476,1.7404,728
37037,0.2115,0.1164,0.7885,728
37039,0.0,0.0,3.4808,728
37041,0.8654,0.4639,0.1346,728
37043,0.0673,0.0252,3.3558,728
37045,0.1154,0.069,1.6635,728
37047,0.9038,0.4747,0.0962,728
37049,0.9423,0.4851,0.0577,728
37051,0.75,0.4286,0.25,728
37053,0.8942,0.4721,0.1058,728
37055,0.8942,0.4721,0.1058,728
37057,0.1827,0.103,0.8173,728
37059,0.1154,0.069,1.625,728
37061,0.9423,0.4851,0.0577,728
37063,0.1827,0.103,0.8173,728
37065,0.8077,0.4468,0.1923,728
37067,0.1923,0.1075,0.8077,728
37069,0.3462,0.1714,0.6538,728
37071,0.0,0.0,1.8077,728
37073,0.8077,0.4468,0.1923,728
37075,0.0,0.0,3.5577,728
37077,0.2596,0.1374,0.7404,728
37079,0.8558,0.4611,0.1442,728
37081,0.1731,0.0984,0.8269,728
37083,0.7981,0.4439,0.2019,728
37085,0.25,0.2,0.75,728
37087,0.0673,0.0315,2.6058,728
37089,0.0865,0.0398,2.6154,728
37091,0.8077,0.4468,0.1923,728
37093,0.7981,0.2959,0.2885,728
37095,0.9423,0.4851,0.0577,728
37097,0.0,0.0,1.7788,728
37099,0.0769,0.0357,2.5962,728
37101,0.8365,0.4555,0.1635,728
37103,0.9423,0.4851,0.0577,728
37105,0.2788,0.1454,0.7212,728
37107,0.9423,0.4851,0.0577,728
37109,0.0481,0.0306,1.7692,728
37111,0.0865,0.0531,1.7308,728
37113,0.0385,0.0148,3.4904,728
37115,0.0673,0.042,1.7692,728
37117,0.875,0.4667,0.125,728
37119,0.0577,0.0364,1.7212,728
37121,0.0577,0.0364,1.7596,728
37123,0.2404,0.1292,0.7596,728
37125,0.1442,0.084,0.8558,728
37127,0.1827,0.1545,0.8173,728
37129,1.0,1.0,0.0,728
37131,0.7981,0.4439,0.2019,728
37133,0.9423,0.4851,0.0577,728
37135,0.25,0.1333,0.75,728
37137,0.9423,0.4851,0.0577,728
37139,0.8654,0.4639,0.1346,728
37141,1.0,1.0,0.0,728
37143,0.8654,0.4639,0.1346,728
37145,0.2212,0.1207,0.7788,728
37147,0.9423,0.4851,0.0577,728
37149,0.0769,0.0357,2.5769,728
37151,0.2308,0.125,0.7692,728
37153,0.7885,0.2939,0.2981,728
37155,0.7981,0.4439,0.2019,728
37157,0.3173,0.1606,0.6827,728
37159,0.125,0.0741,0.875,728
37161,0.0673,0.0315,1.7404,728
37163,0.875,0.4667,0.125,728
37165,0.8173,0.4497,0.1827,728
37167,0.1923,0.1075,0.8077,728
37169,0.0865,0.0531,1.6635,728
37171,0.1058,0.0638,1.6731,728
37173,0.0769,0.0357,2.5577,728
37175,0.0865,0.0398,2.5865,728
37177,0.8942,0.4721,0.1058,728
37179,0.2596,0.1374,0.7404,728
37181,0.3365,0.1679,0.6635,728
37183,0.3269,0.1643,0.6731,728
37185,0.3942,0.1885,0.6058,728
37187,0.8942,0.4721,0.1058,728
37189,0.0577,0.0364,1.75,728
37191,0.8365,0.4555,0.1635,728
37193,0.0769,0.0476,1.7212,728
37195,0.8558,0.4611,0.1442,728
37197,0.0962,0.0585,1.6346,728
37199,0.0577,0.0364,1.7788,728
38001,0.4327,0.1208,1.375,728
38003,0.6923,0.2727,0.3365,728
38005,0.3269,0.1643,0.8558,728
38007,0.3462,0.1286,1.2212,728
38009,0.2019,0.084,1.3173,728
38011,0.3942,0.1414,0.7596,728
38013,0.2981,0.1148,1.1442,728
38015,0.4712,0.1601,0.7981,728
38017,0.75,0.4286,0.25,728
38019,0.4135,0.195,0.7308,728
38021,0.5385,0.2333,0.5673,728
38023,0.3654,0.107,1.3269,728
38025,0.3269,0.0986,1.2019,728
38027,0.4135,0.1463,0.7692,728
38029,0.4423,0.1227,1.0481,728
38031,0.5,0.2222,0.5865,728
38033,0.1923,0.0806,1.2596,728
38035,0.8077,0.2979,0.2019,728
38037,0.4423,0.1227,1.1346,728
38039,0.7115,0.2772,0.2981,728
38041,0.3462,0.1029,1.3654,728
38043,0.4904,0.1645,0.6442,728
38045,0.6346,0.2588,0.4712,728
38047,0.4135,0.1463,0.8365,728
38049,0.2019,0.084,1.4038,728
38051,0.4135,0.1463,1.0577,728
38053,0.3942,0.1414,1.0288,728
38055,0.3365,0.1007,1.1923,728
38057,0.3462,0.1029,1.2212,728
38059,0.4231,0.1189,1.0865,728
38061,0.2981,0.0919,1.2308,728
38063,0.6827,0.2705,0.3846,728
38065,0.3654,0.107,1.1635,728
38067,0.5481,0.236,0.5192,728
38069,0.2404,0.1292,1.0288,728
38071,0.4231,0.1982,0.625,728
38073,0.7019,0.275,0.3269,728
38075,0.2596,0.1031,1.2788,728
38077,0.7692,0.4348,0.2308,728
38079,0.2596,0.1031,1.2596,728
38081,0.625,0.2564,0.4615,728
38083,0.375,0.1364,0.8654,728
38085,0.4519,0.1245,1.1346,728
38087,0.3462,0.1029,1.1635,728
38089,0.2981,0.0919,1.3269,728
38091,0.7404,0.2836,0.2692,728
38093,0.6635,0.2659,0.4327,728
38095,0.2788,0.1454,0.8462,728
38097,0.8846,0.3129,0.125,728
38099,0.6538,0.2636,0.4135,728
38101,0.25,0.08,1.375,728
38103,0.3654,0.1784,0.8173,728
38105,0.3942,0.1131,1.25,728
39001,1.0,1.0,0.0,728
39003,0.0,0.0,1.0,728
39005,0.9327,0.4826,0.0673,728
39007,0.9519,0.4877,0.0481,728
39009,0.9904,0.4976,0.0096,728
39011,0.0481,0.0459,0.9519,728
39013,1.0,1.0,0.0,728
39015,1.0,1.0,0.0,728
39017,1.0,1.0,0.0,728
39019,0.9519,0.4877,0.0481,728
39021,1.0,1.0,0.0,728
39023,1.0,1.0,0.0,728
39025,1.0,1.0,0.0,728
39027,1.0,1.0,0.0,728
39029,0.9519,0.4877,0.0481,728
39031,0.9423,0.3234,0.0962,728
39033,0.9808,0.4951,0.0192,728
39035,0.9423,0.4851,0.0577,728
39037,0.0096,0.0095,0.9904,728
39039,1.0,1.0,0.0,728
39041,1.0,1.0,0.0,728
39043,0.9423,0.4851,0.0577,728
39045,1.0,1.0,0.0,728
39047,1.0,1.0,0.0,728
39049,1.0,1.0,0.0,728
39051,0.9423,0.4851,0.0577,728
39053,1.0,1.0,0.0,728
39055,0.9327,0.4826,0.0673,728
39057,1.0,1.0,0.0,728
39059,0.9615,0.4902,0.0385,728
39061,1.0,1.0,0.0,728
39063,0.0,0.0,1.0,728
39065,1.0,1.0,0.0,728
39067,0.9519,0.4877,0.0481,728
39069,1.0,1.0,0.0,728
39071,1.0,1.0,0.0,728
39073,1.0,1.0,0.0,728
39075,0.9423,0.3234,0.0962,728
39077,0.9327,0.4826,0.0673,728
39079,1.0,1.0,0.0,728
39081,1.0,1.0,0.0,728
39083,0.9423,0.4851,0.0577,728
39085,0.9327,0.4826,0.0673,728
39087,1.0,1.0,0.0,728
39089,0.9808,0.4951,0.0192,728
39091,1.0,1.0,0.0,728
39093,0.9327,0.4826,0.0673,728
39095,0.9615,0.4902,0.0385,728
39097,1.0,1.0,0.0,728
39099,0.9327,0.4826,0.0673,728
39101,1.0,1.0,0.0,728
39103,0.9231,0.48,0.0769,728
39105,0.9904,0.4976,0.0096,728
39107,1.0,1.0,0.0,728
39109,1.0,1.0,0.0,728
39111,1.0,1.0,0.0,728
39113,1.0,1.0,0.0,728
39115,1.0,1.0,0.0,728
39117,0.9519,0.4877,0.0481,728
39119,0.9808,0.4951,0.0192,728
39121,1.0,1.0,0.0,728
39123,0.9135,0.4774,0.0865,728
39125,1.0,1.0,0.0,728
39127,0.9808,0.4951,0.0192,728
39129,1.0,1.0,0.0,728
39131,1.0,1.0,0.0,728
39133,0.9231,0.32,0.1346,728
39135,0.0096,0.0095,0.9904,728
39137,1.0,1.0,0.0,728
39139,0.9423,0.4851,0.0577,728
39141,1.0,1.0,0.0,728
39143,0.9327,0.4826,0.0673,728
39145,1.0,1.0,0.0,728
39147,0.0096,0.0095,0.9904,728
39149,0.9615,0.4902,0.0385,728
39151,0.9423,0.4851,0.0577,728
39153,0.9327,0.3217,0.1154,728
39155,0.9327,0.4826,0.0673,728
39157,0.9519,0.4877,0.0481,728
39159,1.0,1.0,0.0,728
39161,1.0,1.0,0.0,728
39163,1.0,1.0,0.0,728
39165,1.0,1.0,0.0,728
39167,0.9904,0.4976,0.0096,728
39169,0.9327,0.3217,0.1154,728
39171,0.9423,0.4851,0.0577,728
39173,0.9712,0.4927,0.0288,728
39175,0.9808,0.4951,0.0192,728
40001,0.2019,0.084,1.2981,728
40003,0.1346,0.0475,1.5,728
40005,0.1058,0.0478,2.1154,728
40007,0.0481,0.0153,2.1827,728
40009,0.4423,0.1227,1.3558,728
40011,0.2404,0.0775,1.2885,728
40013,0.0962,0.0439,2.125,728
40015,0.1635,0.0702,0.9904,728
40017,0.3077,0.1176,1.0962,728
40019,0.125,0.0556,0.9038,728
40021,0.2019,0.084,1.375,728
40023,0.1538,0.0667,1.9231,728
40025,0.1923,0.0645,1.4135,728
40027,0.0962,0.0439,1.5192,728
40029,0.1154,0.0517,2.2692,728
40031,0.2212,0.0906,0.8846,728
40033,0.6827,0.2029,0.5577,728
40035,0.2596,0.1031,0.7692,728
40037,0.0577,0.0273,1.6154,728
40039,0.1442,0.0504,1.2885,728
40041,0.2885,0.1119,0.7212,728
40043,0.1827,0.0618,1.4423,728
40045,0.2019,0.056,1.4327,728
40047,0.1635,0.0702,1.2692,728
40049,0.1635,0.0702,0.875,728
40051,0.3462,0.1286,0.6923,728
40053,0.3173,0.1204,0.8654,728
40055,0.4712,0.1068,1.4327,728
40057,0.4712,0.1281,1.4808,728
40059,0.1442,0.042,1.5192,728
40061,0.2308,0.0938,2.1154,728
40063,0.1154,0.0517,2.3365,728
40065,0.5192,0.1367,1.4038,728
40067,0.7019,0.2062,0.5962,728
40069,0.1346,0.0593,1.4904,728
40071,0.2308,0.0938,0.9038,728
40073,0.2404,0.0969,1.1827,728
40075,0.5192,0.1367,1.3077,728
40077,0.0577,0.0273,2.2404,728
40079,0.1827,0.0772,1.3846,728
40081,0.1635,0.0702,2.3654,728
40083,0.1635,0.0702,2.1827,728
40085,0.6346,0.1941,0.6154,728
40087,0.1442,0.063,1.5481,728
40089,0.25,0.1,0.7981,728
40091,0.0673,0.0315,2.3462,728
40093,0.1923,0.0645,1.4135,728
40095,0.2981,0.1148,0.7596,728
40097,0.2404,0.0969,0.7885,728
40099,0.1154,0.0517,1.5769,728
40101,0.0769,0.0357,2.3365,728
40103,0.1827,0.0772,1.25,728
40105,0.4038,0.1438,0.6538,728
40107,0.0577,0.0273,2.4135,728
40109,0.1635,0.0702,2.1827,728
40111,0.0481,0.0229,2.4038,728
40113,0.2788,0.1454,0.7212,728
40115,0.2788,0.109,0.75,728
40117,0.4519,0.1556,0.5865,728
40119,0.0192,0.0094,1.5096,728
40121,0.0288,0.014,2.3558,728
40123,0.1154,0.0517,2.3558,728
40125,0.0577,0.0273,2.4038,728
40127,0.0865,0.0398,2.1058,728
40129,0.1538,0.0444,1.4231,728
40131,0.2981,0.1148,0.7212,728
40133,0.0577,0.0273,2.3942,728
40135,0.2596,0.1031,2.0385,728
40137,0.1827,0.0772,0.8558,728
40139,0.1538,0.0444,1.5192,728
40141,0.5673,0.1448,1.1635,728
40143,0.1923,0.0806,0.8462,728
40145,0.125,0.0556,1.5096,728
40147,0.4327,0.151,0.5865,728
40149,0.2308,0.075,1.2212,728
40151,0.125,0.037,1.5673,728
40153,0.2019,0.056,1.4712,728
41001,0.4519,0.2075,0.5481,728
41003,0.6442,0.1959,0.8173,728
41005,0.6442,0.1959,0.8365,728
41007,0.6731,0.2011,0.6538,728
41009,0.6731,0.2011,0.6538,728
41011,0.7115,0.2079,0.7019,728
41013,0.3558,0.1312,1.3077,728
41015,0.7404,0.2127,0.625,728
41017,0.4135,0.117,1.1827,728
41019,0.6731,0.2011,0.75,728
41021,0.5192,0.2278,0.7692,728
41023,0.3654,0.1338,1.1538,728
41025,0.1635,0.0702,1.0096,728
41027,0.6154,0.254,0.625,728
41029,0.5385,0.175,0.8462,728
41031,0.4038,0.1438,1.0865,728
41033,0.7404,0.2127,0.625,728
41035,0.5385,0.175,0.875,728
41037,0.5385,0.175,0.8654,728
41039,0.6731,0.2011,0.7596,728
41041,0.6442,0.1959,0.6827,728
41043,0.6731,0.2011,0.7788,728
41045,0.1635,0.0702,1.0,728
41047,0.6731,0.2011,0.7788,728
41049,0.5385,0.2333,0.6538,728
41051,0.6731,0.2011,0.8173,728
41053,0.6442,0.1959,0.8173,728
41055,0.5,0.2222,0.7788,728
41057,0.6731,0.2011,0.6731,728
41059,0.6827,0.2705,0.3654,728
41061,0.3077,0.1569,0.6923,728
41063,0.6923,0.2727,0.3558,728
41065,0.4904,0.2194,0.75,728
41067,0.6731,0.2011,0.7885,728
41069,0.3846,0.1389,1.1154,728
41071,0.6731,0.2011,0.7885,728
42001,0.25,0.2,0.75,728
42003,1.0,1.0,0.0,728
42005,1.0,1.0,0.0,728
42007,1.0,1.0,0.0,728
42009,1.0,1.0,0.0,728
42011,0.1538,0.0889,0.8462,728
42013,1.0,1.0,0.0,728
42015,0.0288,0.028,0.9712,728
42017,0.0288,0.0187,1.8558,728
42019,1.0,1.0,0.0,728
42021,1.0,1.0,0.0,728
42023,0.9519,0.4877,0.0481,728
42025,0.1538,0.0889,0.8462,728
42027,1.0,1.0,0.0,728
42029,0.0962,0.0585,1.6827,728
42031,0.9904,0.4976,0.0096,728
42033,1.0,1.0,0.0,728
42035,0.0288,0.028,0.9712,728
42037,0.1827,0.1545,0.8173,728
42039,0.9808,0.4951,0.0192,728
42041,0.1731,0.1475,0.8269,728
42043,0.1538,0.0889,1.5962,728
42045,0.0962,0.0585,1.6827,728
42047,0.9904,0.4976,0.0096,728
42049,1.0,1.0,0.0,728
42051,1.0,1.0,0.0,728
42053,0.9904,0.4976,0.0096,728
42055,0.0288,0.028,0.9712,728
42057,0.0288,0.028,0.9712,728
42059,1.0,1.0,0.0,728
42061,1.0,1.0,0.0,728
42063,1.0,1.0,0.0,728
42065,1.0,1.0,0.0,728
42067,0.1731,0.1475,0.8269,728
42069,0.8365,0.3037,0.2212,728
42071,0.0962,0.0585,1.6923,728
42073,0.9423,0.4851,0.0577,728
42075,0.1346,0.0791,1.5962,728
42077,0.1058,0.0638,1.6827,728
42079,0.1154,0.1034,0.8846,728
42081,0.0288,0.028,0.9712,728
42083,1.0,1.0,0.0,728
42085,0.9423,0.4851,0.0577,728
42087,0.1731,0.1475,0.8269,728
42089,0.1058,0.0638,1.6731,728
42091,0.0962,0.0585,1.6923,728
42093,0.2212,0.1811,0.7788,728
42095,0.1058,0.0638,1.6731,728
42097,0.2404,0.1938,0.7596,728
42099,0.1731,0.1475,0.8269,728
42101,0.0962,0.0585,1.7404,728
42103,0.1058,0.0638,1.6827,728
42105,1.0,1.0,0.0,728
42107,0.2692,0.2121,0.7308,728
42109,0.1635,0.0937,1.6635,728
42111,1.0,1.0,0.0,728
42113,0.0288,0.028,0.9712,728
42115,0.8846,0.4694,0.1154,728
42117,0.0385,0.037,0.9615,728
42119,0.1635,0.1405,0.8365,728
42121,0.9808,0.4951,0.0192,728
42123,1.0,1.0,0.0,728
42125,1.0,1.0,0.0,728
42127,0.1827,0.1545,0.8173,728
42129,1.0,1.0,0.0,728
42131,0.8846,0.4694,0.1154,728
42133,0.125,0.0741,1.625,728
44001,0.1058,0.0638,1.6442,728
44003,0.1058,0.0638,1.6923,728
44005,0.1058,0.0638,1.6442,728
44007,0.1154,0.069,1.6827,728
44009,0.1058,0.0638,1.7404,728
45001,0.0,0.0,3.5481,728
45003,0.2115,0.1746,0.7885,728
45005,0.2981,0.1531,0.7019,728
45007,0.0,0.0,3.5096,728
45009,0.1731,0.0984,0.8269,728
45011,0.125,0.0741,0.875,728
45013,0.6635,0.1994,0.4712,728
45015,0.8077,0.2979,0.2692,728
45017,0.1346,0.0791,0.8654,728
45019,0.75,0.2143,0.3269,728
45021,0.0,0.0,2.6635,728
45023,0.0288,0.0187,1.6442,728
45025,0.7885,0.2939,0.2981,728
45027,0.8173,0.2998,0.2115,728
45029,0.1538,0.0667,0.875,728
45031,0.8269,0.4526,0.1731,728
45033,0.8173,0.4497,0.1827,728
45035,0.1827,0.0772,0.8462,728
45037,0.0288,0.0187,1.5577,728
45039,0.0385,0.0247,1.6635,728
45041,0.7692,0.4348,0.2308,728
45043,0.6154,0.254,0.4615,728
45045,0.0769,0.0357,2.5865,728
45047,0.0,0.0,2.4519,728
45049,0.3173,0.1204,0.7115,728
45051,0.8654,0.4639,0.1346,728
45053,0.5865,0.1848,0.625,728
45055,0.1923,0.1075,0.8077,728
45057,0.0769,0.0476,1.6346,728
45059,0.0096,0.0048,2.4808,728
45061,0.8077,0.4468,0.1923,728
45063,0.2692,0.2121,0.7308,728
45065,0.0,0.0,2.5673,728
45067,0.8462,0.3056,0.1731,728
45069,0.8173,0.4497,0.1827,728
45071,0.125,0.0741,1.4519,728
45073,0.1154,0.0517,2.5096,728
45075,0.125,0.0741,0.875,728
45077,0.0962,0.0439,2.5481,728
45079,0.1923,0.1613,0.8077,728
45081,0.0385,0.0247,1.5769,728
45083,0.0481,0.0229,2.6154,728
45085,0.8654,0.4639,0.1346,728
45087,0.0,0.0,2.5577,728
45089,0.6827,0.2705,0.3462,728
45091,0.0,0.0,1.7404,728
46003,0.6827,0.2029,0.4038,728
46005,0.6923,0.2727,0.3365,728
46007,0.3462,0.1714,0.6538,728
46009,0.8173,0.2998,0.2308,728
46011,0.9519,0.4877,0.0481,728
46013,0.3942,0.1885,0.7788,728
46015,0.7019,0.2062,0.4808,728
46017,0.6827,0.2029,0.5385,728
46019,0.3942,0.1885,1.0288,728
46021,0.4423,0.1227,1.0673,728
46023,0.7404,0.2836,0.3654,728
46025,0.6923,0.2727,0.3269,728
46027,0.8365,0.3037,0.2115,728
46029,0.8942,0.4721,0.1058,728
46031,0.4423,0.1533,1.0673,728
46033,0.1346,0.0791,1.3173,728
46035,0.7212,0.2793,0.3077,728
46037,0.5962,0.249,0.5096,728
46039,0.9519,0.4877,0.0481,728
46041,0.4519,0.1556,1.0577,728
46043,0.7404,0.2836,0.3654,728
46045,0.3173,0.1204,1.0288,728
46047,0.0385,0.0247,1.5577,728
46049,0.3269,0.1232,0.9904,728
46051,0.875,0.4667,0.125,728
46053,0.7596,0.2878,0.3173,728
46055,0.2981,0.1148,0.8173,728
46057,0.9519,0.4877,0.0481,728
46059,0.5673,0.181,0.5865,728
46061,0.7788,0.4378,0.2212,728
46063,0.2885,0.1119,0.8077,728
46065,0.5192,0.1709,0.7596,728
46067,0.8173,0.2998,0.2212,728
46069,0.5962,0.1867,0.6154,728
46071,0.1442,0.063,0.9327,728
46073,0.7788,0.2189,0.2981,728
46075,0.5673,0.181,0.6154,728
46077,0.8654,0.4639,0.1346,728
46079,0.8846,0.3129,0.125,728
46081,0.1346,0.0791,1.3365,728
46083,0.875,0.3111,0.1538,728
46085,0.6058,0.1886,0.5673,728
46087,0.8173,0.2998,0.2115,728
46089,0.3942,0.1414,0.9904,728
46091,0.4808,0.2165,0.6731,728
46093,0.2115,0.0873,1.125,728
46095,0.5673,0.181,0.5673,728
46097,0.8846,0.3129,0.125,728
46099,0.8462,0.3056,0.1827,728
46101,0.8269,0.4526,0.1731,728
46102,0.2019,0.112,1.3462,728
46103,0.3846,0.1852,0.9808,728
46105,0.1346,0.0593,1.1538,728
46107,0.4231,0.1189,0.9423,728
46109,0.7885,0.2939,0.25,728
46111,0.8269,0.3018,0.2019,728
46115,0.5096,0.2251,0.5577,728
46117,0.4038,0.1438,0.875,728
46119,0.4231,0.1486,0.8654,728
46121,0.625,0.2564,0.4712,728
46123,0.6923,0.2045,0.4038,728
46125,0.875,0.3111,0.1538,728
46127,0.8365,0.3037,0.2115,728
46129,0.4615,0.1263,0.9519,728
46135,0.8173,0.2998,0.2212,728
46137,0.3077,0.1176,0.8558,728
47001,0.0288,0.0187,1.8269,728
47003,0.0962,0.0877,0.9038,728
47005,0.0385,0.037,0.9615,728
47007,0.0,0.0,2.8269,728
47009,0.0,0.0,2.6827,728
47011,0.0769,0.0357,2.5288,728
47013,0.0577,0.0545,0.9423,728
47015,0.0962,0.0877,0.9038,728
47017,0.9712,0.4927,0.0288,728
47019,0.0192,0.0126,1.8365,728
47021,0.1058,0.0957,0.8942,728
47023,0.0385,0.037,0.9615,728
47025,0.0769,0.0714,0.9231,728
47027,0.0192,0.0189,0.9808,728
47029,0.0577,0.0364,1.7404,728
47031,0.0962,0.0877,0.9038,728
47033,0.9615,0.4902,0.0385,728
47035,0.0288,0.0187,1.8269,728
47037,0.1346,0.1186,0.8654,728
47039,0.0865,0.0796,0.9135,728
47041,0.0962,0.0877,0.9038,728
47043,0.0769,0.0714,0.9231,728
47045,0.9327,0.4826,0.0673,728
47047,0.0481,0.0459,0.9519,728
47049,0.0577,0.0545,0.9423,728
47051,0.0481,0.0306,1.7885,728
47053,0.9615,0.4902,0.0385,728
47055,0.0,0.0,1.8173,728
47057,0.0,0.0,1.8942,728
47059,0.0192,0.0126,1.8462,728
47061,0.0481,0.0306,1.7981,728
47063,0.0288,0.0187,1.7885,728
47065,0.0288,0.014,2.5962,728
47067,0.0577,0.0545,0.9423,728
47069,0.0481,0.0459,0.9519,728
47071,0.1731,0.0984,0.8269,728
47073,0.0673,0.0631,0.9327,728
47075,0.9615,0.4902,0.0385,728
47077,0.9712,0.4927,0.0288,728
47079,0.0,0.0,1.0,728
47081,0.0769,0.0714,0.9231,728
47083,0.0577,0.0545,0.9423,728
47085,0.0385,0.037,0.9615,728
47087,0.0673,0.0631,0.9327,728
47089,0.0577,0.0364,1.7788,728
47091,0.0192,0.0126,1.8077,728
47093,0.0577,0.0364,1.7788,728
47095,0.1058,0.0638,0.8942,728
47097,0.9327,0.4826,0.0673,728
47099,0.0,0.0,1.7981,728
47101,0.0769,0.0714,0.9231,728
47103,0.0481,0.0306,1.7981,728
47105,0.0,0.0,2.7308,728
47107,0.0288,0.014,2.6538,728
47109,0.1538,0.1333,0.8462,728
47111,0.0769,0.0714,0.9231,728
47113,0.9615,0.4902,0.0385,728
47115,0.0,0.0,2.7404,728
47117,0.1346,0.1186,0.8654,728
47119,0.0769,0.0714,0.9231,728
47121,0.0,0.0,2.6923,728
47123,0.0673,0.0315,2.6154,728
47125,0.0577,0.0545,0.9423,728
47127,0.0481,0.0306,1.7981,728
47129,0.0,0.0,1.8558,728
47131,0.0673,0.0631,0.9327,728
47133,0.0288,0.028,0.9712,728
47135,0.0769,0.0714,0.9231,728
47137,0.0192,0.0189,0.9808,728
47139,0.0,0.0,3.4712,728
47141,0.1058,0.0957,0.8942,728
47143,0.0,0.0,2.7308,728
47145,0.0,0.0,2.75,728
47147,0.0962,0.0877,0.9038,728
47149,0.0769,0.0714,0.9231,728
47151,0.0577,0.0545,0.9423,728
47153,0.0,0.0,2.7981,728
47155,0.0288,0.014,2.6538,728
47157,0.9327,0.4826,0.0673,728
47159,0.1346,0.1186,0.8654,728
47161,0.0192,0.0189,0.9808,728
47163,0.0,0.0,1.8558,728
47165,0.0769,0.0714,0.9231,728
47167,0.9519,0.4877,0.0481,728
47169,0.1154,0.1034,0.8846,728
47171,0.0577,0.0364,1.7404,728
47173,0.0673,0.042,0.9327,728
47175,0.0288,0.0187,1.8269,728
47177,0.0962,0.0877,0.9038,728
47179,0.0192,0.0126,1.8173,728
47181,0.0,0.0,1.875,728
47183,0.0192,0.0189,0.9808,728
47185,0.0962,0.0877,0.9038,728
47187,0.0769,0.0714,0.9231,728
47189,0.1058,0.0957,0.8942,728
48001,0.2115,0.1164,0.7885,728
48003,0.7308,0.2111,0.4327,728
48005,0.8077,0.2979,0.2019,728
48007,0.6827,0.1623,0.4423,728
48009,0.7019,0.2062,0.4712,728
48011,0.4519,0.1038,1.6827,728
48013,0.7212,0.2793,0.3077,728
48015,0.9615,0.4902,0.0385,728
48017,0.5673,0.181,0.9808,728
48019,0.5673,0.2413,0.6058,728
48021,0.6635,0.2659,0.4038,728
48023,0.5673,0.181,0.8077,728
48025,0.7212,0.2095,0.4423,728
48027,0.5096,0.1688,0.7596,728
48029,0.6635,0.2659,0.3654,728
48031,0.5673,0.181,0.6154,728
48033,0.6058,0.1886,0.9904,728
48035,0.6635,0.1994,0.5577,728
48037,0.5962,0.1867,0.6058,728
48039,0.9327,0.4826,0.0673,728
48041,0.8654,0.4639,0.1346,728
48043,0.7885,0.2939,0.2596,728
48045,0.5577,0.1432,1.2885,728
48047,0.7692,0.2899,0.2596,728
48049,0.6635,0.1994,0.5577,728
48051,0.7981,0.2959,0.2115,728
48053,0.6154,0.1905,0.6058,728
48055,0.5769,0.2439,0.5288,728
48057,0.7019,0.2062,0.4135,728
48059,0.7596,0.2878,0.2885,728
48061,0.6827,0.2029,0.3942,728
48063,0.2308,0.0938,0.8462,728
48065,0.1058,0.0383,1.3558,728
48067,0.2308,0.0938,0.8269,728
48069,0.5673,0.1448,1.1058,728
48071,0.9712,0.4927,0.0288,728
48073,0.6827,0.2705,0.375,728
48075,0.4904,0.1316,1.1731,728
48077,0.7308,0.2111,0.4712,728
48079,0.5096,0.135,1.1346,728
48081,0.7308,0.2815,0.3365,728
48083,0.6442,0.1959,0.5,728
48085,0.3077,0.1176,0.7212,728
48087,0.4615,0.1263,1.3269,728
48089,0.8077,0.2979,0.2115,728
48091,0.5385,0.2333,0.6442,728
48093,0.7019,0.2062,0.5096,728
48095,0.6538,0.1977,0.5481,728
48097,0.6058,0.1886,0.5962,728
48099,0.6346,0.1553,0.6442,728
48101,0.4423,0.1227,1.4038,728
48103,0.8077,0.2234,0.2981,728
48105,0.7308,0.2815,0.2981,728
48107,0.5,0.1333,1.1058,728
48109,0.6731,0.4023,0.3269,728
48111,0.5865,0.1479,0.9712,728
48113,0.2981,0.1148,0.7115,728
48115,0.5865,0.1848,0.9038,728
48117,0.5673,0.1448,1.1154,728
48119,0.2404,0.0969,1.2019,728
48121,0.5481,0.177,0.7019,728
48123,0.6538,0.2636,0.4615,728
48125,0.4904,0.1316,1.0673,728
48127,0.6923,0.2045,0.4615,728
48129,0.4423,0.1227,1.4808,728
48131,0.8269,0.4526,0.1731,728
48133,0.7212,0.2095,0.4135,728
48135,0.8077,0.2979,0.2788,728
48137,0.6442,0.1959,0.5577,728
48139,0.1827,0.0772,0.8269,728
48141,0.7885,0.4409,0.2115,728
48143,0.7115,0.2079,0.5,728
48145,0.5481,0.177,0.7981,728
48147,0.1635,0.0702,1.2692,728
48149,0.7596,0.4317,0.2404,728
48151,0.625,0.1923,0.5865,728
48153,0.5385,0.14,1.0962,728
48155,0.4327,0.1208,1.5673,728
48157,0.0192,0.0189,0.9808,728
48159,0.1923,0.0806,0.8846,728
48161,0.1827,0.0772,0.8269,728
48163,0.7212,0.2793,0.3173,728
48165,0.6058,0.1886,0.7019,728
48167,0.9519,0.4877,0.0481,728
48169,0.5577,0.179,1.0288,728
48171,0.5288,0.173,0.8173,728
48173,0.5865,0.1848,0.8173,728
48175,0.6827,0.2029,0.5192,728
48177,0.6827,0.2705,0.4038,728
48179,0.2019,0.056,1.2788,728
48181,0.2308,0.0938,0.8173,728
48183,0.1923,0.0806,0.8558,728
48185,0.9615,0.4902,0.0385,728
48187,0.5865,0.2465,0.5481,728
48189,0.5192,0.1367,1.2404,728
48191,0.5385,0.14,1.0385,728
48193,0.6923,0.1636,0.5,728
48195,0.0288,0.0112,1.7212,728
48197,0.4519,0.1245,1.5577,728
48199,0.875,0.3111,0.1923,728
48201,0.9904,0.4976,0.0096,728
48203,0.1635,0.0702,0.9135,728
48205,0.6442,0.1567,0.8558,728
48207,0.6346,0.1941,0.5865,728
48209,0.625,0.1923,0.5385,728
48211,0.0962,0.0292,1.5962,728
48213,0.2115,0.0873,0.7981,728
48215,0.6346,0.3882,0.3654,728
48217,0.6058,0.1886,0.5865,728
48219,0.4808,0.1299,1.2308,728
48221,0.6538,0.1977,0.5865,728
48223,0.2404,0.0969,0.8077,728
48225,0.7981,0.4439,0.2019,728
48227,0.6058,0.1886,0.9615,728
48229,0.8462,0.3056,0.1923,728
48231,0.2981,0.1148,0.7212,728
48233,0.0481,0.0183,1.6827,728
48235,0.6635,0.2659,0.4038,728
48237,0.6827,0.2029,0.5,728
48239,0.6827,0.2029,0.4135,728
48241,0.8846,0.3129,0.1923,728
48243,0.8077,0.2979,0.2692,728
48245,0.9615,0.4902,0.0385,728
48247,0.7212,0.2793,0.3173,728
48249,0.6923,0.4091,0.3077,728
48251,0.6538,0.1581,0.5865,728
48253,0.75,0.2143,0.3269,728
48255,0.6635,0.2659,0.3942,728
48257,0.2596,0.1031,0.7596,728
48259,0.5385,0.175,0.6827,728
48261,0.1538,0.0889,0.8462,728
48263,0.5385,0.175,0.8654,728
48265,0.5577,0.179,0.7115,728
48267,0.5865,0.1848,0.6538,728
48269,0.4423,0.1227,1.2788,728
48271,0.5962,0.1494,0.8462,728
48273,0.2212,0.1207,0.7788,728
48275,0.5192,0.1367,1.0962,728
48277,0.2212,0.0906,1.2788,728
48279,0.5577,0.1432,1.125,728
48281,0.625,0.1923,0.6154,728
48283,0.7308,0.2111,0.4423,728
48285,0.7212,0.2793,0.3654,728
48287,0.7115,0.2772,0.3558,728
48289,0.7115,0.2079,0.4135,728
48291,0.0962,0.0877,0.9038,728
48293,0.5673,0.181,0.7308,728
48295,0.0673,0.021,2.1923,728
48297,0.5865,0.2465,0.5096,728
48299,0.5673,0.181,0.75,728
48301,0.75,0.2857,0.3365,728
48303,0.4808,0.1299,1.3654,728
48305,0.5288,0.173,1.0385,728
48307,0.5865,0.1848,0.625,728
48309,0.5962,0.1494,0.7596,728
48311,0.7019,0.275,0.3654,728
48313,0.7788,0.4378,0.2212,728
48315,0.1538,0.0667,1.3942,728
48317,0.6058,0.1886,0.7981,728
48319,0.5481,0.177,0.7788,728
48321,0.8365,0.3037,0.1827,728
48323,0.5769,0.1463,0.8558,728
48325,0.7019,0.275,0.3558,728
48327,0.6154,0.1905,0.625,728
48329,0.6154,0.1905,0.7404,728
48331,0.625,0.2564,0.5,728
48333,0.6827,0.1623,0.5481,728
48335,0.6058,0.2515,0.6346,728
48337,0.6731,0.2011,0.5577,728
48339,0.9904,0.4976,0.0096,728
48341,0.1635,0.0562,1.1635,728
48343,0.25,0.1,0.8558,728
48345,0.4519,0.1245,1.1923,728
48347,0.7115,0.2772,0.3269,728
48349,0.1923,0.0806,0.8173,728
48351,0.8846,0.3129,0.1346,728
48353,0.7885,0.2939,0.2788,728
48355,0.7308,0.2815,0.3173,728
48357,0.0577,0.0182,1.7404,728
48359,0.5673,0.1448,1.0288,728
48361,0.8942,0.4721,0.1058,728
48363,0.6731,0.2011,0.5865,728
48365,0.5481,0.177,0.5481,728
48367,0.6058,0.1886,0.6635,728
48369,0.5673,0.181,0.9519,728
48371,0.7981,0.2959,0.2404,728
48373,0.8846,0.4694,0.1154,728
48375,0.5288,0.1384,1.3269,728
48377,0.7596,0.2878,0.3846,728
48379,0.3077,0.1176,0.7212,728
48381,0.5385,0.14,1.4231,728
48383,0.625,0.2564,0.4808,728
48385,0.5865,0.1848,0.6538,728
48387,0.2885,0.1119,0.7788,728
48389,0.8462,0.3056,0.1827,728
48391,0.7212,0.2095,0.4712,728
48393,0.1442,0.042,1.2692,728
48395,0.6058,0.1886,0.5385,728
48397,0.1923,0.0806,1.2981,728
48399,0.7115,0.2772,0.3269,728
48401,0.6346,0.1941,0.4808,728
48403,0.0577,0.0364,0.9423,728
48405,0.8173,0.2998,0.2788,728
48407,0.9423,0.4851,0.0577,728
48409,0.6731,0.2011,0.4135,728
48411,0.6442,0.1959,0.6058,728
48413,0.6154,0.1905,0.5577,728
48415,0.5865,0.1848,0.9519,728
48417,0.7596,0.2158,0.3077,728
48419,0.6731,0.2011,0.4135,728
48421,0.1346,0.0475,1.1923,728
48423,0.2596,0.1031,0.75,728
48425,0.6538,0.1977,0.5769,728
48427,0.75,0.2857,0.2981,728
48429,0.7212,0.2095,0.3942,728
48431,0.6538,0.2636,0.4615,728
48433,0.5577,0.179,0.8173,728
48435,0.5962,0.1867,0.5865,728
48437,0.5577,0.1432,1.2596,728
48439,0.2212,0.0724,0.8365,728
48441,0.8173,0.2998,0.2212,728
48443,0.7212,0.2793,0.3173,728
48445,0.5096,0.1688,1.0096,728
48447,0.7404,0.2127,0.3654,728
48449,0.5673,0.181,0.7404,728
48451,0.6635,0.2659,0.4327,728
48453,0.6346,0.1941,0.4808,728
48455,0.9135,0.4774,0.0865,728
48457,0.1442,0.084,0.8558,728
48459,0.1154,0.0517,1.4423,728
48461,0.75,0.2857,0.3558,728
48463,0.625,0.1923,0.6346,728
48465,0.6538,0.1977,0.6346,728
48467,0.2596,0.1031,0.7692,728
48469,0.7212,0.2095,0.4712,728
48471,0.9808,0.4951,0.0192,728
48473,0.9904,0.4976,0.0096,728
48475,0.8173,0.2998,0.2404,728
48477,0.9615,0.4902,0.0385,728
48479,0.7692,0.2174,0.4135,728
48481,0.875,0.3111,0.1442,728
48483,0.1538,0.0533,1.2404,728
48485,0.5962,0.1867,0.75,728
48487,0.5577,0.1432,1.25,728
48489,0.7308,0.2111,0.3077,728
48491,0.5577,0.179,0.5865,728
48493,0.7212,0.2793,0.375,728
48495,0.7981,0.2959,0.2788,728
48497,0.5673,0.181,0.7596,728
48499,0.2404,0.0969,0.7788,728
48501,0.5096,0.1688,1.0673,728
48503,0.7212,0.2095,0.4038,728
48505,0.7692,0.2174,0.3077,728
48507,0.5769,0.1829,0.6346,728
49001,0.4423,0.2044,1.0192,728
49003,0.5385,0.175,0.7212,728
49005,0.5096,0.1688,0.7308,728
49007,0.2692,0.0848,1.8077,728
49009,0.4615,0.2105,0.75,728
49011,0.0577,0.0273,1.1538,728
49013,0.3942,0.1414,1.2692,728
49015,0.4423,0.1227,1.6731,728
49017,0.4423,0.1533,1.4712,728
49019,0.2596,0.0824,1.8558,728
49021,0.4423,0.2044,1.0769,728
49023,0.2404,0.0969,0.7788,728
49025,0.4231,0.1486,1.4712,728
49027,0.1635,0.0937,0.8365,728
49029,0.2019,0.084,0.9135,728
49031,0.0385,0.0185,1.2692,728
49033,0.4904,0.2194,0.6731,728
49035,0.1635,0.0702,1.2115,728
49037,0.4135,0.117,1.9327,728
49039,0.2019,0.0672,1.3558,728
49041,0.0385,0.0185,1.25,728
49043,0.5192,0.2278,0.6923,728
49045,0.0673,0.0315,1.0673,728
49047,0.25,0.1,1.4904,728
49049,0.1058,0.0478,1.3462,728
49051,0.0962,0.0439,1.0,728
49053,0.4519,0.2075,1.0865,728
49055,0.4423,0.1227,1.5865,728
49057,0.1827,0.0772,0.9808,728
50001,0.0769,0.0476,1.6442,728
50003,0.1538,0.1333,0.8462,728
50005,0.2115,0.1746,0.7885,728
50007,0.1827,0.103,1.5673,728
50009,0.8942,0.4721,0.1058,728
50011,0.1058,0.0638,0.8942,728
50013,0.1154,0.069,0.8846,728
50015,0.1923,0.1075,0.8077,728
50017,0.3077,0.2353,0.6923,728
50019,0.7981,0.2959,0.2885,728
50021,0.0865,0.0531,1.6346,728
50023,0.2692,0.1414,0.7308,728
50025,0.2115,0.1164,0.7885,728
50027,0.1058,0.0638,1.6154,728
51001,0.9423,0.4851,0.0577,728
51003,0.2596,0.1374,0.7404,728
51005,0.1442,0.1261,0.8558,728
51007,0.5481,0.236,0.5769,728
51009,0.2019,0.112,0.7981,728
51011,0.1923,0.1075,0.8077,728
51013,0.3077,0.1176,1.2019,728
51015,0.1923,0.1075,0.8077,728
51017,0.1442,0.1261,0.8558,728
51019,0.2692,0.1414,0.7308,728
51021,0.125,0.1111,0.875,728
51023,0.1442,0.1261,0.8558,728
51025,0.6731,0.2682,0.3654,728
51027,0.9615,0.4902,0.0385,728
51029,0.2115,0.1164,0.7885,728
51031,0.2692,0.1414,0.7308,728
51033,0.7788,0.4378,0.2212,728
51035,0.0288,0.0187,1.75,728
51036,0.7885,0.4409,0.2115,728
51037,0.2308,0.125,0.7692,728
51041,0.7981,0.4439,0.2019,728
51043,0.125,0.1111,0.875,728
51045,0.1731,0.1475,0.8269,728
51047,0.2115,0.1164,0.7885,728
51049,0.2596,0.1374,0.7404,728
51051,0.9519,0.4877,0.0481,728
51053,0.6731,0.2682,0.4231,728
51057,0.75,0.4286,0.25,728
51059,0.2788,0.1454,0.7212,728
51061,0.2404,0.1292,0.7596,728
51063,0.1731,0.1475,0.8269,728
51065,0.25,0.1333,0.75,728
51067,0.2308,0.125,0.7692,728
51069,0.0288,0.028,0.9712,728
51071,0.0962,0.0877,0.9038,728
51073,0.8365,0.4555,0.1635,728
51075,0.6538,0.2636,0.4135,728
51077,0.0192,0.0126,1.8173,728
51079,0.2596,0.1374,0.7404,728
51081,0.75,0.4286,0.25,728
51083,0.25,0.1333,0.75,728
51085,0.7115,0.4157,0.2885,728
51087,0.8077,0.4468,0.1923,728
51089,0.2788,0.1454,0.7212,728
51091,0.1827,0.1545,0.8173,728
51093,0.9038,0.4747,0.0962,728
51095,0.8173,0.4497,0.1827,728
51097,0.7885,0.4409,0.2115,728
51099,0.7404,0.2836,0.3365,728
51101,0.7885,0.4409,0.2115,728
51103,0.8365,0.4555,0.1635,728
51105,0.0288,0.028,0.9712,728
51107,0.25,0.1333,0.75,728
51109,0.2981,0.1531,0.7019,728
51111,0.2788,0.1454,0.7212,728
51113,0.2788,0.1454,0.7212,728
51115,0.8365,0.4555,0.1635,728
51117,0.3365,0.1679,0.6635,728
51119,0.8365,0.4555,0.1635,728
51121,0.125,0.1111,0.875,728
51125,0.25,0.1333,0.75,728
51127,0.7596,0.4317,0.2404,728
51131,0.7692,0.4348,0.2308,728
51133,0.75,0.4286,0.25,728
51135,0.5673,0.2413,0.6154,728
51137,0.1923,0.1075,0.8077,728
51139,0.1923,0.1613,0.8077,728
51141,0.2212,0.1811,0.7788,728
51143,0.3269,0.1643,0.6731,728
51145,0.625,0.2564,0.4423,728
51147,0.2692,0.1414,0.7308,728
51149,0.8173,0.4497,0.1827,728
51153,0.25,0.1333,0.75,728
51155,0.125,0.1111,0.875,728
51157,0.3942,0.2828,0.6058,728
51159,0.75,0.4286,0.25,728
51161,0.2404,0.1938,0.7596,728
51163,0.2212,0.1811,0.7788,728
51165,0.2115,0.1746,0.7885,728
51167,0.0769,0.0714,0.9231,728
51169,0.0385,0.037,0.9615,728
51171,0.1346,0.1186,0.8654,728
51173,0.0,0.0,1.9038,728
51175,0.8077,0.4468,0.1923,728
51177,0.2788,0.1454,0.7212,728
51179,0.2788,0.1454,0.7212,728
51181,0.8077,0.4468,0.1923,728
51183,0.75,0.4286,0.25,728
51185,0.0577,0.0545,0.9423,728
51187,0.1538,0.1333,0.8462,728
51191,0.0,0.0,1.9327,728
51193,0.75,0.4286,0.25,728
51195,0.9423,0.4851,0.0577,728
51197,0.0192,0.0126,1.8558,728
51199,0.8077,0.4468,0.1923,728
51510,0.3077,0.1176,1.2019,728
51515,0.2692,0.1414,0.7308,728
51520,0.0192,0.0126,1.7692,728
51530,0.2692,0.1414,0.7308,728
51540,0.1923,0.1075,1.375,728
51550,0.9135,0.4774,0.0865,728
51570,0.6731,0.2682,0.3654,728
51580,0.1923,0.1613,0.8077,728
51590,0.2115,0.1164,0.7885,728
51595,0.6442,0.2612,0.3942,728
51600,0.2212,0.0906,1.2885,728
51610,0.2788,0.109,1.2308,728
51620,0.7981,0.4439,0.2019,728
51630,0.2981,0.1148,0.7115,728
51640,0.0288,0.0187,1.75,728
51650,0.8365,0.4555,0.1635,728
51660,0.2212,0.1207,0.7788,728
51670,0.8077,0.2979,0.2308,728
51678,0.25,0.1333,0.75,728
51680,0.2692,0.1414,0.7308,728
51683,0.2019,0.084,1.3462,728
51685,0.2019,0.084,1.3462,728
51690,0.2788,0.1454,0.7212,728
51700,0.8462,0.4583,0.1538,728
51710,0.75,0.4286,0.25,728
51720,0.0673,0.0631,0.9327,728
51730,0.7404,0.2836,0.2981,728
51735,0.8077,0.4468,0.1923,728
51740,0.75,0.4286,0.25,728
51750,0.1538,0.1333,0.8462,728
51760,0.6827,0.4057,0.3173,728
51770,0.2788,0.1454,0.7212,728
51775,0.2885,0.2239,0.7115,728
51790,0.25,0.1333,0.75,728
51800,0.8942,0.4721,0.1058,728
51810,0.9231,0.48,0.0769,728
51820,0.25,0.1333,0.75,728
51830,0.7981,0.4439,0.2019,728
51840,0.125,0.1111,0.875,728
53001,0.6442,0.3918,0.3558,728
53003,0.6827,0.2705,0.3654,728
53005,0.625,0.2564,0.4327,728
53007,0.6538,0.3953,0.3462,728
53009,0.75,0.2857,0.3365,728
53011,0.6731,0.2011,0.75,728
53013,0.6827,0.2705,0.3654,728
53015,0.6731,0.2011,0.5962,728
53017,0.6346,0.3882,0.3654,728
53019,0.625,0.2564,0.4519,728
53021,0.6346,0.2588,0.4231,728
53023,0.6827,0.2705,0.3654,728
53025,0.6442,0.3918,0.3558,728
53027,0.75,0.2857,0.3654,728
53029,0.7019,0.275,0.4327,728
53031,0.75,0.2857,0.3365,728
53033,0.6923,0.2727,0.4038,728
53035,0.6923,0.2727,0.4423,728
53037,0.6442,0.3918,0.3558,728
53039,0.5865,0.2465,0.6154,728
53041,0.6442,0.2612,0.5,728
53043,0.6442,0.3918,0.3558,728
53045,0.7115,0.2772,0.375,728
53047,0.6346,0.2588,0.4231,728
53049,0.75,0.2143,0.4135,728
53051,0.625,0.2564,0.4423,728
53053,0.625,0.2564,0.5577,728
53055,0.6538,0.2636,0.4135,728
53057,0.75,0.2857,0.3462,728
53059,0.6538,0.2636,0.5865,728
53061,0.7596,0.2878,0.3269,728
53063,0.6635,0.2659,0.3654,728
53065,0.625,0.2564,0.4327,728
53067,0.6346,0.1941,0.5673,728
53069,0.7115,0.2079,0.5096,728
53071,0.6827,0.4057,0.3173,728
53073,0.75,0.2857,0.3173,728
53075,0.6827,0.2705,0.3365,728
53077,0.6154,0.381,0.3846,728
54001,1.0,1.0,0.0,728
54003,0.0288,0.028,0.9712,728
54005,1.0,1.0,0.0,728
54007,1.0,1.0,0.0,728
54009,1.0,1.0,0.0,728
54011,1.0,1.0,0.0,728
54013,1.0,1.0,0.0,728
54015,1.0,1.0,0.0,728
54017,1.0,1.0,0.0,728
54019,1.0,1.0,0.0,728
54021,1.0,1.0,0.0,728
54023,1.0,1.0,0.0,728
54025,1.0,1.0,0.0,728
54027,0.0096,0.0095,0.9904,728
54029,0.9519,0.4877,0.0481,728
54031,0.0096,0.0095,0.9904,728
54033,1.0,1.0,0.0,728
54035,1.0,1.0,0.0,728
54037,0.1923,0.1613,0.8077,728
54039,1.0,1.0,0.0,728
54041,1.0,1.0,0.0,728
54043,1.0,1.0,0.0,728
54045,1.0,1.0,0.0,728
54047,1.0,1.0,0.0,728
54049,1.0,1.0,0.0,728
54051,1.0,1.0,0.0,728
54053,1.0,1.0,0.0,728
54055,0.0481,0.0459,0.9519,728
54057,0.0096,0.0095,0.9904,728
54059,1.0,1.0,0.0,728
54061,1.0,1.0,0.0,728
54063,0.8654,0.4639,0.1346,728
54065,0.0288,0.028,0.9712,728
54067,1.0,1.0,0.0,728
54069,1.0,1.0,0.0,728
54071,0.9808,0.4951,0.0192,728
54073,0.9904,0.4976,0.0096,728
54075,0.9904,0.4976,0.0096,728
54077,1.0,1.0,0.0,728
54079,1.0,1.0,0.0,728
54081,1.0,1.0,0.0,728
54083,1.0,1.0,0.0,728
54085,1.0,1.0,0.0,728
54087,1.0,1.0,0.0,728
54089,0.9615,0.4902,0.0385,728
54091,1.0,1.0,0.0,728
54093,1.0,1.0,0.0,728
54095,1.0,1.0,0.0,728
54097,1.0,1.0,0.0,728
54099,1.0,1.0,0.0,728
54101,1.0,1.0,0.0,728
54103,0.9904,0.4976,0.0096,728
54105,1.0,1.0,0.0,728
54107,0.9904,0.4976,0.0096,728
54109,1.0,1.0,0.0,728
55001,0.9712,0.4927,0.0288,728
55003,0.9615,0.4902,0.0385,728
55005,0.9712,0.4927,0.0288,728
55007,0.9808,0.4951,0.0192,728
55009,0.9712,0.4927,0.0288,728
55011,0.9712,0.4927,0.0288,728
55013,0.9615,0.4902,0.0385,728
55015,0.9712,0.4927,0.0288,728
55017,0.9904,0.4976,0.0096,728
55019,0.9423,0.4851,0.0577,728
55021,0.9615,0.4902,0.0385,728
55023,0.9231,0.32,0.0865,728
55025,0.9327,0.4826,0.0673,728
55027,0.9615,0.4902,0.0385,728
55029,0.9808,0.4951,0.0192,728
55031,0.9808,0.4951,0.0192,728
55033,0.9712,0.4927,0.0288,728
55035,0.9712,0.4927,0.0288,728
55037,0.9519,0.4877,0.0481,728
55039,0.9904,0.4976,0.0096,728
55041,0.9808,0.4951,0.0192,728
55043,0.9135,0.4774,0.0865,728
55045,0.9327,0.4826,0.0673,728
55047,0.9904,0.4976,0.0096,728
55049,0.9135,0.4774,0.0865,728
55051,0.9231,0.48,0.0769,728
55053,0.9519,0.4877,0.0481,728
55055,0.9327,0.4826,0.0673,728
55057,0.9327,0.4826,0.0673,728
55059,0.9423,0.4851,0.0577,728
55061,0.9519,0.4877,0.0481,728
55063,0.9327,0.4826,0.0673,728
55065,0.9231,0.48,0.0769,728
55067,0.9038,0.4747,0.0962,728
55069,0.9808,0.4951,0.0192,728
55071,0.9712,0.4927,0.0288,728
55073,0.9423,0.4851,0.0577,728
55075,0.9615,0.4902,0.0385,728
55077,0.9712,0.4927,0.0288,728
55078,0.9038,0.4747,0.0962,728
55079,0.8846,0.4694,0.1154,728
55081,0.8846,0.4694,0.1154,728
55083,0.9808,0.4951,0.0192,728
55085,0.9519,0.4877,0.0481,728
55087,0.9327,0.4826,0.0673,728
55089,0.9423,0.4851,0.0577,728
55091,0.9712,0.4927,0.0288,728
55093,0.9808,0.4951,0.0192,728
55095,0.9712,0.4927,0.0288,728
55097,0.9615,0.4902,0.0385,728
55099,0.9615,0.4902,0.0385,728
55101,0.9423,0.3234,0.0962,728
55103,0.875,0.4667,0.125,728
55105,0.9327,0.4826,0.0673,728
55107,0.9712,0.4927,0.0288,728
55109,0.9808,0.4951,0.0192,728
55111,0.8846,0.4694,0.1154,728
55113,0.9712,0.4927,0.0288,728
55115,0.9231,0.48,0.0769,728
55117,0.9423,0.4851,0.0577,728
55119,0.9904,0.4976,0.0096,728
55121,0.9712,0.4927,0.0288,728
55123,0.9519,0.4877,0.0481,728
55125,0.9231,0.48,0.0769,728
55127,0.9423,0.4851,0.0577,728
55129,0.9615,0.4902,0.0385,728
55131,0.9615,0.4902,0.0385,728
55133,0.9135,0.4774,0.0865,728
55135,0.9615,0.4902,0.0385,728
55137,0.9712,0.4927,0.0288,728
55139,0.9712,0.4927,0.0288,728
55141,0.9231,0.48,0.0769,728
56001,0.0096,0.0095,0.9904,728
56003,1.0,1.0,0.0,728
56005,0.1635,0.1405,0.8365,728
56007,0.2212,0.1811,0.7788,728
56009,1.0,1.0,0.0,728
56011,0.1346,0.0791,1.3846,728
56013,1.0,1.0,0.0,728
56015,0.0865,0.0796,0.9135,728
56017,1.0,1.0,0.0,728
56019,1.0,1.0,0.0,728
56021,0.0962,0.0877,0.9038,728
56023,0.8942,0.4721,0.1058,728
56025,1.0,1.0,0.0,728
56027,0.1346,0.1186,0.8654,728
56029,1.0,1.0,0.0,728
56031,0.0865,0.0796,0.9135,728
56033,1.0,1.0,0.0,728
56035,1.0,1.0,0.0,728
56037,0.7596,0.4317,0.2404,728
56039,1.0,1.0,0.0,728
56041,0.7404,0.2836,0.4038,728
56043,1.0,1.0,0.0,728
